,questionnaire_id,global_id,Edad,Profesion,Estudios,Calor1_Escala,Telequinesis1_Escala,Magnetismo1_Escala,Cosmica1_Escala,Cuantica1_Escala,Presion1_Escala,Aura1_Escala,Electricidad1_Escala,Poderes1_Escala,NoLoSe1_Escala,Comentario,RelevanciaMano,Calor2_Escala,Telequinesis2_Escala,Magnetismo2_Escala,Cosmica2_Escala,Cuantica2_Escala,Presion2_Escala,Aura2_Escala,Electricidad2_Escala,Poderes2_Escala,NoLoSe2_Escala,HayTruco?,Bailar,Cocinar,Matematica,TV,Construir,Oficina,Tarot,Leer,Religion,Reparar,Programar,Correr,Acertijos,Astrologia,Deportes,Debatir,Magia,Electronica,Origen,Justificacion1,Podria1,Justificacion2,Podria2
0,['35166'],1003,18-24,Cs_Medicas,Secundaria,0.5714285714285714,1.0,0.42857142857142855,0.8571428571428571,0.7142857142857143,0.5714285714285714,1.0,0.5714285714285714,1.0,Ns/Nc,0,7,0.7142857142857143,1.0,0.2857142857142857,1.0,0.7142857142857143,0.42857142857142855,1.0,0.5714285714285714,1.0,Ns/Nc,Si,2,3,2,3,3,1,1,2,1,2,2,3,2,1,4,3,2,2,data_CBCBio07,Magnetismo,"['Calor', 'Presion', 'Electricidad']",Magnetismo,"['Presion', 'Electricidad']"
1,['38928'],1003,18-24,Cs_Medicas,Univ en curso,0.42857142857142855,1.0,0.5714285714285714,0.8571428571428571,0.8571428571428571,0.2857142857142857,0.7142857142857143,0.7142857142857143,1.0,0.14285714285714285,0,8,Ns/Nc,Ns/Nc,Ns/Nc,Ns/Nc,Ns/Nc,Ns/Nc,Ns/Nc,Ns/Nc,Ns/Nc,Ns/Nc,NS/NC,3,2,0,3,1,0,0,0,0,2,1,3,3,2,3,3,2,3,data_CBCBio07,Presion,['Calor'],Presion,['Calor']
2,['18316'],1003,18-24,Cs_Medicas,Univ en curso,1.0,Ns/Nc,0.5714285714285714,0.5714285714285714,0.7142857142857143,Ns/Nc,1.0,1.0,1.0,1.0,0,10,Ns/Nc,Ns/Nc,0.2857142857142857,0.7142857142857143,Ns/Nc,0.2857142857142857,Ns/Nc,Ns/Nc,Ns/Nc,1.0,NoSe,3,1,2,4,1,1,1,2,1,2,3,3,1,1,Null,NS/NC,4,3,data_CBCBio07,Magnetismo,['Cosmica'],Magnetismo,['Cosmica']
3,['36677'],1003,18-24,Cs_Medicas,Univ en curso,0.42857142857142855,Ns/Nc,0.42857142857142855,Ns/Nc,Ns/Nc,Ns/Nc,Ns/Nc,Ns/Nc,Ns/Nc,Ns/Nc,0,4,Ns/Nc,Ns/Nc,Ns/Nc,0.5714285714285714,Ns/Nc,Ns/Nc,Ns/Nc,Ns/Nc,Ns/Nc,Ns/Nc,Si,2,3,2,4,4,2,2,3,1,3,3,3,2,4,4,4,2,2,data_CBCBio07,Calor,"['Magnetismo', 'Aura']",NoLoSe,['Cosmica']
4,['16256'],1003,18-24,Cs_Medicas,Secundaria,0.5714285714285714,1.0,0.14285714285714285,0.8571428571428571,0.14285714285714285,0.42857142857142855,0.8571428571428571,Ns/Nc,1.0,0.5714285714285714,0,10,0.5714285714285714,1.0,0.14285714285714285,1.0,0.2857142857142857,0.2857142857142857,0.8571428571428571,0.2857142857142857,1.0,0.5714285714285714,NoSe,3,3,3,4,2,2,1,4,2,3,1,3,2,1,3,4,1,2,data_CBCBio07,Electricidad,"['Magnetismo', 'Cuantica', 'Presion']",Magnetismo,"['Calor', 'Cuantica', 'Presion', 'Electricidad']"
5,['63909'],1003,18-24,Cs_Medicas,Univ en curso,0.14285714285714285,1.0,1.0,0.5714285714285714,1.0,1.0,1.0,1.0,1.0,1.0,0,10,1.0,1.0,0.14285714285714285,Ns/Nc,1.0,1.0,1.0,0.5714285714285714,1.0,1.0,No,1,3,0,3,2,2,0,3,3,3,3,2,2,0,3,1,1,3,data_CBCBio07,Magnetismo,['Cosmica'],Null,[]
6,['26775'],1003,18-24,Otra,Univ en curso,0.42857142857142855,1.0,0.5714285714285714,1.0,0.7142857142857143,0.8571428571428571,1.0,1.0,1.0,1.0,0,1,0.8571428571428571,1.0,0.5714285714285714,1.0,0.8571428571428571,0.8571428571428571,1.0,1.0,1.0,1.0,Si,4,4,4,3,2,0,0,4,4,3,1,4,2,0,3,4,0,2,data_CBCBio07,Calor,['Magnetismo'],Magnetismo,['Calor']
7,['17520'],1003,18-24,Cs_Medicas,Univ en curso,1.0,0.42857142857142855,0.14285714285714285,1.0,1.0,0.7142857142857143,1.0,1.0,1.0,1.0,0,8,1.0,0.2857142857142857,0.14285714285714285,1.0,1.0,0.5714285714285714,1.0,1.0,1.0,1.0,NoSe,3,3,3,Null,1,2,1,2,3,1,1,3,3,1,4,4,1,1,data_CBCBio07,Null,[],Ns/Nc,[]
8,['16051'],1003,18-24,Cs_Medicas,Univ en curso,0.8571428571428571,0.8571428571428571,0.14285714285714285,1.0,1.0,1.0,1.0,0.2857142857142857,1.0,1.0,0,9,1.0,0.7142857142857143,0.14285714285714285,1.0,1.0,1.0,1.0,0.7142857142857143,1.0,1.0,Null,1,3,3,2,0,0,0,3,0,0,3,2,3,1,1,1,1,3,data_CBCBio07,Magnetismo,['Electricidad'],Magnetismo,['Electricidad']
9,['58579'],1003,18-24,Cs_Medicas,Univ en curso,0.42857142857142855,1.0,0.42857142857142855,0.8571428571428571,0.7142857142857143,0.42857142857142855,1.0,0.14285714285714285,1.0,Ns/Nc,0,7,0.5714285714285714,0.8571428571428571,Ns/Nc,0.42857142857142855,0.5714285714285714,0.42857142857142855,0.14285714285714285,0.42857142857142855,Ns/Nc,Ns/Nc,NoSe,4,4,Null,3,NS/NC,1,3,2,0,1,1,3,2,4,1,3,1,0,data_CBCBio07,Electricidad,"['Calor', 'Magnetismo', 'Presion']",Aura,"['Calor', 'Telequinesis', 'Cosmica', 'Cuantica', 'Presion', 'Electricidad', 'Poderes']"
10,['33204'],1003,18-24,Cs_Medicas,Univ en curso,0.7142857142857143,0.8571428571428571,0.8571428571428571,Ns/Nc,0.7142857142857143,0.7142857142857143,0.7142857142857143,0.8571428571428571,1.0,0.14285714285714285,0,4,0.2857142857142857,0.8571428571428571,0.8571428571428571,0.8571428571428571,0.8571428571428571,0.8571428571428571,0.8571428571428571,0.8571428571428571,0.8571428571428571,0.8571428571428571,No,4,4,2,3,2,2,0,3,0,0,0,4,0,0,0,0,0,0,data_CBCBio07,Cuantica,[],Calor,[]
11,['31662'],1003,18-24,Agro/Vet,Univ en curso,0.5714285714285714,Ns/Nc,0.5714285714285714,Ns/Nc,Ns/Nc,0.5714285714285714,Ns/Nc,0.5714285714285714,Ns/Nc,Ns/Nc,0,7,Ns/Nc,Ns/Nc,0.5714285714285714,Ns/Nc,Ns/Nc,Ns/Nc,Ns/Nc,0.5714285714285714,Ns/Nc,Ns/Nc,NS/NC,4,3,1,4,2,2,1,1,1,2,1,2,1,0,0,1,2,1,data_CBCBio07,Magnetismo,"['Calor', 'Presion', 'Electricidad']",Ns/Nc,['Magnetismo']
12,['65517'],1003,18-24,Cs_Medicas,NS/NC,Ns/Nc,Ns/Nc,Ns/Nc,Ns/Nc,Ns/Nc,0.5714285714285714,Ns/Nc,Ns/Nc,Ns/Nc,Ns/Nc,0,5,0.7142857142857143,Ns/Nc,0.7142857142857143,Ns/Nc,Ns/Nc,Ns/Nc,Ns/Nc,Ns/Nc,Ns/Nc,Ns/Nc,No,3,3,1,4,1,1,1,4,0,1,1,1,3,3,3,3,3,3,data_CBCBio07,Presion,['Calor'],Magnetismo,['Calor']
13,['20277'],1003,18-24,Cs_Medicas,Univ en curso,0.8571428571428571,1.0,0.2857142857142857,1.0,1.0,1.0,0.8571428571428571,0.8571428571428571,1.0,0.14285714285714285,0,9,0.8571428571428571,0.8571428571428571,1.0,0.8571428571428571,1.0,0.8571428571428571,0.8571428571428571,1.0,1.0,0.14285714285714285,No,3,4,3,3,2,1,1,4,3,2,2,4,3,1,4,3,3,1,data_CBCBio07,Magnetismo,['NoLoSe'],Ns/Nc,[]
14,['36560'],1003,18-24,Cs_Medicas,Univ en curso,0.14285714285714285,1.0,0.5714285714285714,1.0,1.0,0.7142857142857143,0.8571428571428571,0.2857142857142857,1.0,1.0,0,9,0.42857142857142855,1.0,0.14285714285714285,1.0,1.0,0.7142857142857143,0.7142857142857143,0.5714285714285714,1.0,1.0,NoSe,2,3,2,Null,2,1,2,2,2,3,2,3,3,2,Null,1,3,3,data_CBCBio07,Calor,"['Magnetismo', 'Electricidad', 'NoLoSe']",Magnetismo,"['Calor', 'Aura', 'Electricidad', 'NoLoSe']"
15,['28522'],1003,18-24,Cs_Medicas,Univ en curso,0.8571428571428571,1.0,0.14285714285714285,1.0,0.5714285714285714,0.2857142857142857,0.8571428571428571,0.42857142857142855,1.0,0.5714285714285714,0,10,0.42857142857142855,1.0,0.14285714285714285,0.8571428571428571,0.8571428571428571,0.7142857142857143,0.8571428571428571,0.2857142857142857,1.0,0.5714285714285714,Si,4,3,3,4,4,2,2,4,3,4,2,2,4,4,3,1,3,3,data_CBCBio07,Magnetismo,['Presion'],Magnetismo,['Electricidad']
16,['41975'],1003,18-24,Cs_Medicas,Univ en curso,0.2857142857142857,1.0,0.5714285714285714,0.2857142857142857,0.5714285714285714,0.5714285714285714,0.5714285714285714,0.14285714285714285,1.0,Ns/Nc,0,0,0.2857142857142857,1.0,0.5714285714285714,0.5714285714285714,0.5714285714285714,0.2857142857142857,0.14285714285714285,0.14285714285714285,1.0,Ns/Nc,Si,4,0,1,4,1,1,0,3,1,0,1,4,0,1,4,2,3,3,data_CBCBio07,Electricidad,"['Calor', 'Cosmica']",Electricidad,"['Calor', 'Cosmica', 'Cuantica', 'Aura']"
17,['30674'],1003,18-24,Cs_Medicas,Univ en curso,0.8571428571428571,1.0,Ns/Nc,0.8571428571428571,0.5714285714285714,0.42857142857142855,0.8571428571428571,0.42857142857142855,0.14285714285714285,Ns/Nc,0,6,0.7142857142857143,0.8571428571428571,0.2857142857142857,1.0,0.7142857142857143,0.8571428571428571,0.8571428571428571,0.2857142857142857,0.8571428571428571,Ns/Nc,No,3,2,3,Null,1,1,1,4,1,1,1,2,2,3,3,3,2,1,data_CBCBio07,Magnetismo,['Presion'],Electricidad,[]
18,['26094'],1003,18-24,Cs_Medicas,Univ en curso,0.8571428571428571,1.0,0.14285714285714285,0.5714285714285714,0.7142857142857143,0.8571428571428571,0.42857142857142855,0.5714285714285714,1.0,Ns/Nc,0,9,0.7142857142857143,0.7142857142857143,0.2857142857142857,0.8571428571428571,0.8571428571428571,1.0,0.14285714285714285,0.5714285714285714,0.42857142857142855,Ns/Nc,NoSe,2,3,3,4,3,1,4,4,1,2,1,3,2,3,4,4,2,1,data_CBCBio07,Ns/Nc,"['Presion', 'Aura', 'Electricidad']",Aura,"['Telequinesis', 'Magnetismo', 'Poderes']"
19,['33506'],1003,18-24,Cs_Medicas,Univ en curso,0.7142857142857143,Ns/Nc,0.5714285714285714,0.8571428571428571,0.8571428571428571,0.5714285714285714,0.7142857142857143,0.14285714285714285,1.0,0.5714285714285714,0,5,0.5714285714285714,0.42857142857142855,0.14285714285714285,0.42857142857142855,0.42857142857142855,0.7142857142857143,0.5714285714285714,0.14285714285714285,0.8571428571428571,1.0,NoSe,3,Null,NS/NC,4,3,3,2,3,2,3,3,3,2,2,4,4,3,2,data_CBCBio07,Electricidad,['Magnetismo'],Electricidad,"['Telequinesis', 'Aura']"
20,['27222'],1003,18-24,Cs_Medicas,Univ en curso,0.42857142857142855,Ns/Nc,Ns/Nc,Ns/Nc,0.8571428571428571,Ns/Nc,Ns/Nc,Ns/Nc,Ns/Nc,Ns/Nc,0,10,Ns/Nc,Ns/Nc,0.5714285714285714,Ns/Nc,Ns/Nc,Ns/Nc,Ns/Nc,Ns/Nc,Ns/Nc,Ns/Nc,No,4,2,3,3,1,2,1,4,3,2,1,2,1,1,1,2,3,1,data_CBCBio07,Calor,['Cuantica'],Magnetismo,[]
21,['56252'],1003,18-24,Cs_Medicas,Univ en curso,0.42857142857142855,1.0,0.7142857142857143,1.0,0.7142857142857143,0.5714285714285714,1.0,0.14285714285714285,1.0,1.0,0,0,1.0,1.0,0.2857142857142857,1.0,0.2857142857142857,1.0,1.0,0.14285714285714285,1.0,Ns/Nc,Si,3,4,3,3,2,1,1,2,1,3,3,4,4,1,4,4,4,4,data_CBCBio07,Electricidad,"['Calor', 'Magnetismo']",Electricidad,"['Magnetismo', 'Cuantica', 'Poderes']"
22,['16240'],1003,18-24,Cs_Medicas,Univ en curso,Ns/Nc,Ns/Nc,Ns/Nc,Ns/Nc,Ns/Nc,Ns/Nc,Ns/Nc,Ns/Nc,Ns/Nc,Ns/Nc,0,0,Ns/Nc,Ns/Nc,Ns/Nc,Ns/Nc,Ns/Nc,Ns/Nc,Ns/Nc,Ns/Nc,Ns/Nc,Ns/Nc,Si,2,4,2,4,4,2,1,3,3,3,NS/NC,3,3,2,2,3,NS/NC,NS/NC,data_CBCBio07,Magnetismo,"['Telequinesis', 'Presion']",Ns/Nc,[]
23,['15828'],1003,>40,Cs_Medicas,Posgrado,0.14285714285714285,Ns/Nc,Ns/Nc,Ns/Nc,Ns/Nc,Ns/Nc,Ns/Nc,Ns/Nc,Ns/Nc,Ns/Nc,0,10,Ns/Nc,Ns/Nc,Ns/Nc,0.5714285714285714,Ns/Nc,Ns/Nc,Ns/Nc,Ns/Nc,Ns/Nc,Ns/Nc,No,4,4,1,4,3,1,3,4,3,3,1,3,3,3,4,3,2,1,data_CBCBio07,Calor,[],Magnetismo,[]
0,['38531'],1003,18-24,Musica,Univ en curso,0.7142857142857143,Ns/Nc,0.7142857142857143,Ns/Nc,Ns/Nc,Ns/Nc,Ns/Nc,Ns/Nc,Ns/Nc,Ns/Nc,0,10,0.7142857142857143,Ns/Nc,0.7142857142857143,Ns/Nc,Ns/Nc,Ns/Nc,Ns/Nc,Ns/Nc,Ns/Nc,Ns/Nc,Si,1,2,3,4,2,2,2,3,2,3,3,1,1,2,3,2,2,2,data_CBCF03Ariel,Calor,['Magnetismo'],Calor,['Magnetismo']
1,['19541'],1003,18-24,Ingenieria (no sist),Univ en curso,1.0,1.0,0.42857142857142855,0.8571428571428571,0.42857142857142855,1.0,1.0,0.2857142857142857,1.0,1.0,0,9,1.0,1.0,0.2857142857142857,0.5714285714285714,0.42857142857142855,1.0,1.0,0.2857142857142857,1.0,1.0,No,4,3,2,3,2,2,1,2,3,2,1,3,3,4,4,Null,3,2,data_CBCF03Ariel,Electricidad,"['Magnetismo', 'Cosmica', 'Cuantica']",Null,"['Cosmica', 'Cuantica']"
2,['42041'],1003,25-40,Bio/Qui/Geo/Pale,Secundaria,Ns/Nc,Ns/Nc,0.2857142857142857,1.0,0.8571428571428571,0.5714285714285714,1.0,0.8571428571428571,1.0,Ns/Nc,0,1,Ns/Nc,Ns/Nc,Ns/Nc,Ns/Nc,Ns/Nc,Ns/Nc,1.0,0.2857142857142857,1.0,Ns/Nc,No,3,3,3,4,2,0,1,3,1,1,1,3,3,3,Null,3,3,3,data_CBCF03Ariel,Calor,['Magnetismo'],Magnetismo,['Calor']
3,['36541'],1003,18-24,Mate/Comp/Sist,Univ en curso,0.2857142857142857,1.0,0.42857142857142855,1.0,0.8571428571428571,0.5714285714285714,1.0,0.14285714285714285,1.0,0.2857142857142857,0,8,0.8571428571428571,1.0,0.8571428571428571,1.0,1.0,0.14285714285714285,1.0,0.8571428571428571,1.0,1.0,Si,1,2,3,3,3,0,0,3,0,3,4,2,4,3,3,3,2,3,data_CBCF03Ariel,Electricidad,['Calor'],Presion,[]
4,['44983'],1003,18-24,Mate/Comp/Sist,Univ en curso,0.14285714285714285,1.0,0.42857142857142855,0.8571428571428571,0.8571428571428571,0.5714285714285714,1.0,0.8571428571428571,1.0,1.0,0,6,Ns/Nc,Ns/Nc,Ns/Nc,0.5714285714285714,0.5714285714285714,0.7142857142857143,0.8571428571428571,0.42857142857142855,1.0,1.0,NoSe,2,2,3,4,2,2,1,4,0,1,3,4,3,2,2,2,3,3,data_CBCF03Ariel,Calor,['Magnetismo'],Ns/Nc,['Presion']
5,['16811'],1003,NS/NC,NS/NC,NS/NC,Ns/Nc,Ns/Nc,Ns/Nc,Ns/Nc,Ns/Nc,Ns/Nc,Ns/Nc,Ns/Nc,Ns/Nc,Ns/Nc,0,0,Ns/Nc,Ns/Nc,Ns/Nc,Ns/Nc,Ns/Nc,Ns/Nc,Ns/Nc,Ns/Nc,Ns/Nc,Ns/Nc,NS/NC,NS/NC,NS/NC,NS/NC,NS/NC,NS/NC,NS/NC,NS/NC,NS/NC,NS/NC,NS/NC,NS/NC,NS/NC,NS/NC,NS/NC,NS/NC,NS/NC,NS/NC,NS/NC,data_CBCF03Ariel,Ns/Nc,[],Ns/Nc,[]
6,['25729'],1003,18-24,Mate/Comp/Sist,Univ en curso,0.2857142857142857,1.0,0.7142857142857143,1.0,0.8571428571428571,1.0,1.0,1.0,1.0,Ns/Nc,0,0,0.5714285714285714,1.0,0.42857142857142855,1.0,0.5714285714285714,0.8571428571428571,1.0,0.5714285714285714,1.0,Ns/Nc,NS/NC,3,2,3,3,1,2,0,1,1,2,2,3,3,0,4,2,3,3,data_CBCF03Ariel,Ns/Nc,[],Magnetismo,"['Calor', 'Electricidad']"
7,['15839'],1003,18-24,Bio/Qui/Geo/Pale,Univ en curso,0.2857142857142857,1.0,0.5714285714285714,1.0,0.5714285714285714,0.5714285714285714,1.0,0.7142857142857143,1.0,Ns/Nc,0,1,Ns/Nc,Ns/Nc,0.2857142857142857,Ns/Nc,Ns/Nc,Ns/Nc,Ns/Nc,Ns/Nc,Ns/Nc,Ns/Nc,NoSe,3,1,3,4,3,1,0,4,0,NS/NC,1,1,2,2,2,4,4,1,data_CBCF03Ariel,Ns/Nc,"['Magnetismo', 'Cuantica', 'Presion']",Magnetismo,[]
8,['34220'],1003,18-24,Fisica/CsAt/Ocea,Secundaria,0.2857142857142857,1.0,0.42857142857142855,0.8571428571428571,0.7142857142857143,0.7142857142857143,1.0,0.5714285714285714,1.0,0.7142857142857143,0,7,0.7142857142857143,1.0,0.7142857142857143,1.0,1.0,0.2857142857142857,1.0,1.0,1.0,0.8571428571428571,NS/NC,1,2,4,3,2,2,3,3,1,2,1,2,3,0,2,3,3,2,data_CBCF03Ariel,Calor,"['Magnetismo', 'Electricidad']",Presion,['Magnetismo']
9,['57426'],1003,18-24,Fisica/CsAt/Ocea,Secundaria,1.0,1.0,0.2857142857142857,1.0,0.7142857142857143,0.5714285714285714,1.0,0.42857142857142855,1.0,0.5714285714285714,0,0,Ns/Nc,Ns/Nc,Ns/Nc,Ns/Nc,Ns/Nc,0.14285714285714285,Ns/Nc,Ns/Nc,Ns/Nc,Ns/Nc,Si,2,2,4,3,3,1,0,4,0,3,3,3,4,0,3,3,2,3,data_CBCF03Ariel,Magnetismo,['Electricidad'],Presion,[]
10,['50621'],1003,18-24,Fisica/CsAt/Ocea,Secundaria,0.5714285714285714,Ns/Nc,Ns/Nc,Ns/Nc,Ns/Nc,Ns/Nc,0.42857142857142855,Ns/Nc,Ns/Nc,Ns/Nc,0,5,Ns/Nc,Ns/Nc,Ns/Nc,Ns/Nc,Ns/Nc,Ns/Nc,Ns/Nc,Ns/Nc,Ns/Nc,Ns/Nc,NoSe,NS/NC,NS/NC,4,3,NS/NC,NS/NC,NS/NC,3,NS/NC,NS/NC,NS/NC,NS/NC,NS/NC,NS/NC,NS/NC,NS/NC,NS/NC,3,data_CBCF03Ariel,Aura,['Calor'],Ns/Nc,[]
11,['41184'],1003,25-40,Ingenieria (no sist),Secundaria,0.42857142857142855,1.0,0.42857142857142855,1.0,0.8571428571428571,0.7142857142857143,1.0,0.42857142857142855,1.0,1.0,0,7,0.7142857142857143,1.0,0.42857142857142855,1.0,0.7142857142857143,0.8571428571428571,1.0,0.42857142857142855,1.0,0.5714285714285714,NoSe,1,2,4,3,3,2,0,4,1,3,3,2,3,0,2,3,1,3,data_CBCF03Ariel,Calor,"['Magnetismo', 'Electricidad']",Magnetismo,"['Calor', 'Electricidad']"
12,['56877'],1003,25-40,Ingenieria (no sist),Secundaria,0.14285714285714285,1.0,1.0,1.0,1.0,1.0,1.0,0.2857142857142857,1.0,1.0,0,10,Ns/Nc,Ns/Nc,Ns/Nc,Ns/Nc,Ns/Nc,Ns/Nc,Ns/Nc,Ns/Nc,Ns/Nc,Ns/Nc,NoSe,3,4,4,3,1,1,3,3,4,4,2,4,4,0,2,2,4,4,data_CBCF03Ariel,Calor,['Electricidad'],NoLoSe,[]
13,['55793'],1003,18-24,Ingenieria (no sist),Secundaria,0.2857142857142857,1.0,0.8571428571428571,1.0,1.0,0.42857142857142855,1.0,1.0,1.0,0.5714285714285714,0,8,0.5714285714285714,1.0,0.5714285714285714,1.0,0.8571428571428571,0.5714285714285714,1.0,0.5714285714285714,1.0,0.14285714285714285,Si,4,0,3,3,2,2,0,4,3,2,0,4,4,1,1,3,3,3,data_CBCF03Ariel,Calor,['Presion'],NoLoSe,"['Calor', 'Magnetismo', 'Presion', 'Electricidad']"
14,['31614'],1003,18-24,Ingenieria (no sist),Univ en curso,0.7142857142857143,Ns/Nc,0.5714285714285714,0.42857142857142855,0.14285714285714285,0.2857142857142857,0.2857142857142857,0.7142857142857143,1.0,Ns/Nc,0,8,0.7142857142857143,1.0,0.14285714285714285,1.0,0.2857142857142857,0.8571428571428571,0.2857142857142857,0.8571428571428571,1.0,Ns/Nc,Si,2,2,3,4,3,2,0,4,0,4,1,2,2,3,2,1,2,3,data_CBCF03Ariel,Cuantica,['Aura'],Aura,"['Magnetismo', 'Cuantica']"
15,['53896'],1003,18-24,Mate/Comp/Sist,Univ en curso,1.0,1.0,0.7142857142857143,1.0,0.8571428571428571,0.7142857142857143,1.0,0.5714285714285714,1.0,Ns/Nc,0,5,1.0,0.7142857142857143,1.0,1.0,1.0,0.8571428571428571,0.8571428571428571,0.7142857142857143,0.14285714285714285,0.2857142857142857,No,3,2,2,4,1,2,NS/NC,0,0,1,2,2,1,3,3,2,4,4,data_CBCF03Ariel,NoLoSe,"['Magnetismo', 'Presion', 'Electricidad']",Poderes,"['Telequinesis', 'Presion', 'Aura', 'Electricidad']"
16,['52510'],1003,25-40,Bio/Qui/Geo/Pale,Univ en curso,0.42857142857142855,1.0,0.2857142857142857,0.8571428571428571,0.5714285714285714,0.8571428571428571,0.7142857142857143,0.5714285714285714,1.0,1.0,0,9,0.42857142857142855,1.0,0.2857142857142857,0.42857142857142855,0.5714285714285714,0.8571428571428571,0.8571428571428571,0.42857142857142855,1.0,1.0,No,3,2,1,4,2,1,3,3,1,2,2,3,2,4,3,3,2,2,data_CBCF03Ariel,Magnetismo,"['Aura', 'Electricidad']",Magnetismo,['Electricidad']
17,['31653'],1003,18-24,Profesorado Naturales,Secundaria,0.8571428571428571,Ns/Nc,0.14285714285714285,1.0,1.0,0.7142857142857143,0.5714285714285714,0.2857142857142857,1.0,Ns/Nc,0,10,Ns/Nc,Ns/Nc,Ns/Nc,Ns/Nc,Ns/Nc,Ns/Nc,Ns/Nc,0.42857142857142855,Ns/Nc,Ns/Nc,Si,4,2,3,4,NS/NC,1,2,3,1,1,2,4,4,2,1,3,2,2,data_CBCF03Ariel,Null,"['Calor', 'Cuantica', 'Presion', 'Aura', 'Poderes']",Magnetismo,['Electricidad']
18,['35081'],1003,18-24,Bio/Qui/Geo/Pale,Secundaria,0.5714285714285714,1.0,0.2857142857142857,Ns/Nc,1.0,0.14285714285714285,0.7142857142857143,0.2857142857142857,1.0,Ns/Nc,0,6,1.0,1.0,0.14285714285714285,1.0,1.0,1.0,0.7142857142857143,0.2857142857142857,1.0,1.0,No,3,3,3,2,2,0,1,4,0,2,2,2,3,3,2,3,2,3,data_CBCF03Ariel,Presion,"['Magnetismo', 'Electricidad']",Magnetismo,"['Aura', 'Electricidad']"
19,['61186'],1003,25-40,Mate/Comp/Sist,Null,0.7142857142857143,1.0,1.0,1.0,1.0,0.8571428571428571,1.0,Ns/Nc,1.0,0.14285714285714285,0,7,0.5714285714285714,1.0,1.0,1.0,0.7142857142857143,0.5714285714285714,1.0,0.2857142857142857,1.0,0.14285714285714285,NoSe,2,3,1,4,3,2,1,3,0,3,4,3,3,2,3,2,1,3,data_CBCF03Ariel,Electricidad,"['Calor', 'Presion']",Electricidad,"['Calor', 'Cuantica', 'Presion']"
20,['44886'],1003,18-24,Mate/Comp/Sist,Univ en curso,0.5714285714285714,0.5714285714285714,0.14285714285714285,1.0,0.5714285714285714,0.5714285714285714,1.0,0.42857142857142855,1.0,Ns/Nc,0,1,0.7142857142857143,0.5714285714285714,0.14285714285714285,1.0,0.5714285714285714,Ns/Nc,1.0,0.42857142857142855,Ns/Nc,Ns/Nc,No,0,4,3,4,2,2,0,4,1,2,4,4,3,1,4,3,4,4,data_CBCF03Ariel,Magnetismo,[],Magnetismo,[]
21,['16080'],1003,25-40,Profesorado Naturales,Secundaria,Ns/Nc,1.0,Ns/Nc,1.0,0.8571428571428571,0.5714285714285714,1.0,0.8571428571428571,1.0,0.14285714285714285,0,10,Ns/Nc,1.0,Ns/Nc,1.0,1.0,0.8571428571428571,1.0,1.0,1.0,0.14285714285714285,NoSe,3,4,3,4,2,3,2,3,1,3,3,4,2,2,4,3,2,3,data_CBCF03Ariel,Magnetismo,['Calor'],Calor,['Magnetismo']
22,['50207'],1003,18-24,Ingenieria (no sist),Universidad,0.5714285714285714,1.0,0.42857142857142855,1.0,0.5714285714285714,0.8571428571428571,1.0,0.2857142857142857,1.0,0.14285714285714285,0,4,0.7142857142857143,Ns/Nc,0.8571428571428571,Ns/Nc,Ns/Nc,0.7142857142857143,Ns/Nc,0.14285714285714285,Ns/Nc,Ns/Nc,Si,4,3,2,2,3,1,2,4,Null,1,1,3,1,3,2,3,1,2,data_CBCF03Ariel,Electricidad,"['Calor', 'Magnetismo', 'Cuantica', 'Presion']",Electricidad,"['Calor', 'Magnetismo', 'Presion']"
23,['21680'],1003,25-40,Bio/Qui/Geo/Pale,Secundaria,0.5714285714285714,Ns/Nc,Ns/Nc,Ns/Nc,Ns/Nc,0.2857142857142857,Ns/Nc,0.8571428571428571,Ns/Nc,Ns/Nc,0,7,Ns/Nc,Ns/Nc,Ns/Nc,Ns/Nc,Ns/Nc,Ns/Nc,Ns/Nc,0.2857142857142857,Ns/Nc,Ns/Nc,No,NS/NC,NS/NC,NS/NC,NS/NC,NS/NC,NS/NC,NS/NC,NS/NC,NS/NC,NS/NC,NS/NC,NS/NC,NS/NC,4,NS/NC,NS/NC,NS/NC,NS/NC,data_CBCF03Ariel,Presion,"['Calor', 'Electricidad']",Electricidad,[]
24,['36180'],1003,18-24,Mate/Comp/Sist,Univ en curso,0.14285714285714285,1.0,0.8571428571428571,1.0,1.0,0.5714285714285714,Ns/Nc,Ns/Nc,1.0,Ns/Nc,0,9,0.8571428571428571,1.0,Ns/Nc,1.0,Ns/Nc,0.8571428571428571,1.0,0.2857142857142857,1.0,0.14285714285714285,Si,0,1,3,4,2,1,0,4,1,2,3,2,3,0,3,3,3,3,data_CBCF03Ariel,Calor,"['Magnetismo', 'Presion', 'Electricidad']",NoLoSe,"['Calor', 'Magnetismo', 'Electricidad']"
25,['65326'],1003,25-40,Bio/Qui/Geo/Pale,Terciario,0.8571428571428571,1.0,0.7142857142857143,1.0,0.42857142857142855,1.0,1.0,1.0,1.0,1.0,0,10,1.0,1.0,1.0,1.0,0.42857142857142855,0.2857142857142857,1.0,1.0,1.0,1.0,Si,3,4,4,4,1,0,0,3,0,3,3,2,4,1,2,3,3,3,data_CBCF03Ariel,Cuantica,['Magnetismo'],Presion,['Cuantica']
26,['37597'],1003,18-24,Bio/Qui/Geo/Pale,Univ en curso,0.14285714285714285,1.0,0.5714285714285714,1.0,1.0,0.5714285714285714,1.0,0.5714285714285714,1.0,0.14285714285714285,0,1,0.5714285714285714,1.0,0.5714285714285714,1.0,1.0,0.5714285714285714,1.0,0.5714285714285714,1.0,0.14285714285714285,No,2,3,3,3,3,2,1,2,1,3,3,3,3,2,3,3,3,3,data_CBCF03Ariel,NoLoSe,[],NoLoSe,[]
27,['25714'],1003,18-24,Mate/Comp/Sist,Secundaria,0.14285714285714285,1.0,0.7142857142857143,1.0,0.2857142857142857,0.2857142857142857,0.42857142857142855,0.5714285714285714,1.0,Ns/Nc,0,1,0.2857142857142857,1.0,1.0,1.0,0.14285714285714285,0.14285714285714285,0.2857142857142857,0.5714285714285714,1.0,Ns/Nc,Si,0,0,0,0,0,0,0,0,0,0,0,0,0,0,0,0,0,0,data_CBCF03Ariel,Calor,[],Presion,[]
28,['38823'],1003,18-24,Bio/Qui/Geo/Pale,Terciario,0.5714285714285714,1.0,0.5714285714285714,1.0,1.0,1.0,1.0,Ns/Nc,1.0,Ns/Nc,0,6,0.5714285714285714,1.0,0.5714285714285714,1.0,1.0,0.5714285714285714,1.0,1.0,1.0,Ns/Nc,Si,1,1,1,2,2,2,1,3,2,1,1,1,1,1,1,1,3,2,data_CBCF03Ariel,NoLoSe,"['Calor', 'Magnetismo']",NoLoSe,"['Calor', 'Magnetismo', 'Presion', 'Poderes']"
29,['34318'],1003,18-24,Mate/Comp/Sist,Univ en curso,Ns/Nc,1.0,0.14285714285714285,Ns/Nc,Ns/Nc,Ns/Nc,Ns/Nc,Ns/Nc,1.0,Ns/Nc,0,7,Ns/Nc,1.0,Ns/Nc,Ns/Nc,Ns/Nc,0.42857142857142855,Ns/Nc,Ns/Nc,1.0,Ns/Nc,Si,3,3,1,3,1,0,NS/NC,NS/NC,0,2,4,3,NS/NC,NS/NC,NS/NC,NS/NC,NS/NC,4,data_CBCF03Ariel,Magnetismo,"['Telequinesis', 'Poderes']",Presion,"['Telequinesis', 'Poderes']"
30,['44327'],1003,18-24,Bio/Qui/Geo/Pale,Secundaria,0.8571428571428571,1.0,0.2857142857142857,Ns/Nc,Ns/Nc,0.42857142857142855,1.0,Ns/Nc,Ns/Nc,Ns/Nc,1,5,Ns/Nc,Ns/Nc,Ns/Nc,Ns/Nc,Ns/Nc,0.14285714285714285,Ns/Nc,Ns/Nc,Ns/Nc,Ns/Nc,No,3,2,0,4,NS/NC,NS/NC,NS/NC,4,1,3,2,NS/NC,NS/NC,2,NS/NC,3,2,2,data_CBCF03Ariel,Magnetismo,"['Presion', 'Electricidad']",Presion,[]
31,['20767'],1003,18-24,Bio/Qui/Geo/Pale,Secundaria,1.0,1.0,0.42857142857142855,0.5714285714285714,0.5714285714285714,0.5714285714285714,Ns/Nc,Ns/Nc,Ns/Nc,Ns/Nc,0,9,Ns/Nc,Ns/Nc,Ns/Nc,Ns/Nc,Ns/Nc,0.14285714285714285,Ns/Nc,Ns/Nc,Ns/Nc,Ns/Nc,Si,3,3,3,3,2,1,Null,4,1,2,1,4,4,3,3,2,2,2,data_CBCF03Ariel,Ns/Nc,"['Cosmica', 'Cuantica', 'Presion']",Presion,[]
32,['55875'],1003,18-24,Fisica/CsAt/Ocea,NS/NC,0.7142857142857143,1.0,0.5714285714285714,1.0,0.2857142857142857,0.2857142857142857,0.8571428571428571,0.42857142857142855,1.0,0.5714285714285714,0,9,0.42857142857142855,1.0,0.2857142857142857,0.8571428571428571,0.2857142857142857,0.2857142857142857,0.5714285714285714,0.2857142857142857,1.0,0.5714285714285714,NS/NC,2,2,2,3,3,1,0,3,1,3,2,2,3,1,2,2,2,2,data_CBCF03Ariel,Cuantica,['Presion'],Magnetismo,['Cuantica']
33,['65235'],1003,25-40,Bio/Qui/Geo/Pale,Univ en curso,0.14285714285714285,Ns/Nc,Ns/Nc,Ns/Nc,Ns/Nc,Ns/Nc,Ns/Nc,Ns/Nc,Ns/Nc,0.14285714285714285,0,2,Ns/Nc,0.2857142857142857,Ns/Nc,Ns/Nc,Ns/Nc,Ns/Nc,Ns/Nc,Ns/Nc,Ns/Nc,0.14285714285714285,No,3,4,3,4,4,1,1,4,1,4,NS/NC,3,3,1,3,4,3,2,data_CBCF03Ariel,Magnetismo,['Presion'],Cosmica,['Poderes']
34,['33017'],1003,18-24,Fisica/CsAt/Ocea,Univ en curso,1.0,1.0,0.2857142857142857,1.0,0.8571428571428571,0.5714285714285714,0.5714285714285714,0.2857142857142857,1.0,Ns/Nc,0,9,0.8571428571428571,1.0,0.42857142857142855,1.0,1.0,0.5714285714285714,0.2857142857142857,0.2857142857142857,1.0,Ns/Nc,No,3,0,4,4,4,2,2,3,1,2,2,1,4,2,2,3,3,2,data_CBCF03Ariel,Magnetismo,['Electricidad'],Electricidad,['Aura']
0,['49003'],1003,18-24,Fisica/CsAt/Ocea,Univ en curso,Ns/Nc,1.0,0.7142857142857143,1.0,1.0,0.14285714285714285,1.0,0.5714285714285714,1.0,0.14285714285714285,0,8,0.14285714285714285,1.0,1.0,Ns/Nc,1.0,0.14285714285714285,1.0,0.5714285714285714,Ns/Nc,1.0,Si,1,0,2,4,0,0,0,3,0,0,4,0,4,0,4,3,4,0,data_Dia1,Calor,"['Presion', 'Electricidad']",Presion,['Calor']
1,['27446'],1003,13-17,Null,Secundaria,0.5714285714285714,0.7142857142857143,0.42857142857142855,0.5714285714285714,1.0,Ns/Nc,Ns/Nc,0.2857142857142857,0.8571428571428571,0.7142857142857143,0,4,Ns/Nc,Ns/Nc,Ns/Nc,0.2857142857142857,Ns/Nc,Ns/Nc,Ns/Nc,Ns/Nc,Ns/Nc,Ns/Nc,NoSe,4,4,3,3,2,1,NS/NC,3,3,2,2,2,2,2,4,2,3,4,data_Dia1,Electricidad,[],Cosmica,[]
2,['24848'],1003,18-24,Fisica/CsAt/Ocea,Univ en curso,1.0,1.0,0.8571428571428571,1.0,1.0,1.0,1.0,Ns/Nc,1.0,Ns/Nc,1,10,1.0,1.0,1.0,1.0,1.0,0.2857142857142857,1.0,0.8571428571428571,1.0,1.0,Si,3,2,Null,2,2,0,0,4,0,2,3,2,4,0,0,1,2,2,data_Dia1,Electricidad,['Magnetismo'],Presion,['Electricidad']
3,['21792'],1003,13-17,Danza/Deportes,Primaria,Ns/Nc,0.14285714285714285,0.14285714285714285,0.5714285714285714,0.5714285714285714,0.5714285714285714,0.14285714285714285,0.2857142857142857,Ns/Nc,Ns/Nc,0,10,Ns/Nc,Ns/Nc,0.5714285714285714,Ns/Nc,0.5714285714285714,0.5714285714285714,Ns/Nc,0.5714285714285714,0.2857142857142857,1.0,NoSe,3,NS/NC,NS/NC,4,NS/NC,NS/NC,NS/NC,4,NS/NC,NS/NC,NS/NC,4,Null,NS/NC,NS/NC,NS/NC,NS/NC,3,data_Dia1,Cosmica,[],Cuantica,[]
4,['35625'],1003,13-17,Economicas,Secundaria,Ns/Nc,0.14285714285714285,0.42857142857142855,Ns/Nc,0.42857142857142855,0.14285714285714285,Ns/Nc,Ns/Nc,Ns/Nc,Ns/Nc,0,0,Ns/Nc,Ns/Nc,Ns/Nc,Ns/Nc,Ns/Nc,Ns/Nc,Ns/Nc,Ns/Nc,0.14285714285714285,Ns/Nc,NoSe,4,3,1,3,3,Null,NS/NC,1,1,2,3,4,4,3,3,3,2,3,data_Dia1,Magnetismo,['Cuantica'],Poderes,[]
5,['27711'],1003,13-17,Economicas,Secundaria,0.14285714285714285,Ns/Nc,Ns/Nc,Ns/Nc,Ns/Nc,Ns/Nc,Ns/Nc,Ns/Nc,Ns/Nc,Ns/Nc,0,0,Ns/Nc,Ns/Nc,Ns/Nc,Ns/Nc,Ns/Nc,Ns/Nc,Ns/Nc,Ns/Nc,Ns/Nc,Ns/Nc,NS/NC,NS/NC,NS/NC,NS/NC,NS/NC,NS/NC,NS/NC,NS/NC,NS/NC,NS/NC,NS/NC,NS/NC,NS/NC,NS/NC,NS/NC,NS/NC,NS/NC,NS/NC,NS/NC,data_Dia1,NoLoSe,[],Ns/Nc,[]
6,['57947'],1003,NS/NC,NS/NC,NS/NC,Ns/Nc,Ns/Nc,Ns/Nc,Ns/Nc,Ns/Nc,Ns/Nc,Ns/Nc,Ns/Nc,Ns/Nc,Ns/Nc,0,0,Ns/Nc,Ns/Nc,Ns/Nc,Ns/Nc,Ns/Nc,Ns/Nc,Ns/Nc,Ns/Nc,Ns/Nc,Ns/Nc,NS/NC,NS/NC,NS/NC,NS/NC,NS/NC,NS/NC,NS/NC,NS/NC,NS/NC,NS/NC,NS/NC,NS/NC,NS/NC,NS/NC,NS/NC,NS/NC,NS/NC,NS/NC,NS/NC,data_Dia1,Ns/Nc,[],Ns/Nc,[]
7,['21059'],1003,>40,Fisica/CsAt/Ocea,Posgrado,0.42857142857142855,1.0,1.0,1.0,1.0,1.0,1.0,1.0,1.0,1.0,1,1,0.7142857142857143,1.0,1.0,1.0,1.0,0.42857142857142855,1.0,1.0,1.0,0.7142857142857143,Si,2,3,3,3,3,1,1,3,1,4,3,2,3,1,2,3,2,4,data_Dia1,Ns/Nc,[],Ns/Nc,"['Calor', 'Presion']"
8,['48402'],1003,25-40,Mate/Comp/Sist,Universidad,0.14285714285714285,1.0,0.42857142857142855,1.0,1.0,0.42857142857142855,1.0,0.14285714285714285,1.0,0.5714285714285714,1,5,1.0,1.0,1.0,1.0,1.0,0.14285714285714285,1.0,1.0,1.0,1.0,Si,3,3,4,4,4,1,0,3,0,4,4,2,4,0,3,4,3,4,data_Dia1,Calor,"['Presion', 'Electricidad']",Presion,[]
9,['65380'],1003,25-40,Fisica/CsAt/Ocea,Universidad,0.2857142857142857,1.0,1.0,1.0,1.0,1.0,1.0,0.8571428571428571,1.0,0.5714285714285714,0,8,1.0,1.0,1.0,1.0,1.0,0.14285714285714285,1.0,1.0,1.0,1.0,Si,3,3,2,4,4,1,0,4,0,3,3,3,2,0,2,3,2,3,data_Dia1,NoLoSe,['Calor'],Presion,[]
10,['44874'],1003,25-40,Fisica/CsAt/Ocea,Universidad,0.2857142857142857,1.0,1.0,1.0,1.0,0.14285714285714285,1.0,1.0,1.0,1.0,0,1,1.0,1.0,1.0,1.0,1.0,0.14285714285714285,1.0,1.0,1.0,1.0,Si,3,3,3,4,3,1,1,3,1,2,3,1,3,1,3,3,3,3,data_Dia1,Presion,['Calor'],Presion,[]
11,['49885'],1003,25-40,Fisica/CsAt/Ocea,Universidad,0.42857142857142855,1.0,0.14285714285714285,1.0,1.0,0.7142857142857143,1.0,0.5714285714285714,1.0,0.42857142857142855,1,1,0.5714285714285714,1.0,0.42857142857142855,1.0,1.0,0.42857142857142855,1.0,0.7142857142857143,1.0,0.42857142857142855,Si,3,4,4,3,4,0,1,4,0,4,3,2,4,0,0,2,3,4,data_Dia1,Magnetismo,"['Calor', 'Electricidad', 'NoLoSe']",Magnetismo,"['Calor', 'Presion', 'NoLoSe']"
12,['26747'],1003,25-40,Fisica/CsAt/Ocea,Univ en curso,Ns/Nc,Ns/Nc,0.42857142857142855,1.0,0.8571428571428571,1.0,1.0,0.7142857142857143,1.0,Ns/Nc,1,5,0.8571428571428571,1.0,0.7142857142857143,1.0,0.8571428571428571,0.2857142857142857,0.8571428571428571,0.7142857142857143,0.14285714285714285,1.0,No,2,NS/NC,3,3,4,2,2,3,1,4,3,0,3,Null,1,2,Null,0,data_Dia1,Magnetismo,['Calor'],Ns/Nc,"['Presion', 'Poderes']"
13,['29222'],1003,25-40,Fisica/CsAt/Ocea,Univ en curso,0.5714285714285714,1.0,1.0,1.0,1.0,0.42857142857142855,1.0,1.0,1.0,0.14285714285714285,0,1,1.0,1.0,1.0,1.0,1.0,0.14285714285714285,1.0,1.0,1.0,1.0,NoSe,2,3,NS/NC,4,3,2,1,3,1,3,3,3,3,1,2,4,3,3,data_Dia1,NoLoSe,"['Calor', 'Presion']",Presion,[]
14,['60310'],1003,25-40,Fisica/CsAt/Ocea,Univ en curso,0.2857142857142857,1.0,0.7142857142857143,1.0,1.0,0.8571428571428571,1.0,0.2857142857142857,1.0,Ns/Nc,0,1,1.0,1.0,1.0,1.0,1.0,0.14285714285714285,1.0,1.0,1.0,1.0,Si,4,3,2,4,4,1,0,4,1,3,3,2,3,1,3,2,3,3,data_Dia1,Electricidad,['Calor'],Presion,[]
15,['47032'],1003,25-40,Fisica/CsAt/Ocea,Universidad,0.14285714285714285,1.0,0.5714285714285714,1.0,1.0,0.5714285714285714,1.0,0.5714285714285714,0.14285714285714285,1.0,1,10,1.0,Ns/Nc,1.0,1.0,1.0,0.14285714285714285,1.0,1.0,1.0,Ns/Nc,No,2,4,2,3,4,2,0,1,0,4,0,0,2,0,0,4,4,4,data_Dia1,Calor,['Poderes'],Presion,[]
16,['17178'],1003,25-40,Fisica/CsAt/Ocea,Univ en curso,0.5714285714285714,1.0,0.5714285714285714,1.0,0.5714285714285714,0.8571428571428571,1.0,1.0,1.0,1.0,0,5,1.0,1.0,1.0,1.0,1.0,0.5714285714285714,1.0,1.0,1.0,0.14285714285714285,Si,4,2,3,4,4,2,2,4,1,4,4,0,3,0,1,2,3,3,data_Dia1,Calor,"['Magnetismo', 'Cuantica']",Presion,['NoLoSe']
17,['20038'],1003,18-24,Null,Secundaria,0.5714285714285714,1.0,0.14285714285714285,1.0,1.0,0.2857142857142857,1.0,0.2857142857142857,1.0,0.14285714285714285,0,8,0.8571428571428571,1.0,0.2857142857142857,1.0,1.0,0.8571428571428571,1.0,Ns/Nc,1.0,1.0,Si,2,4,3,3,3,0,0,4,1,2,NS/NC,3,3,0,4,3,0,1,data_Dia1,Magnetismo,"['Presion', 'Electricidad']",Magnetismo,[]
18,['57382'],1003,18-24,Fisica/CsAt/Ocea,Univ en curso,1.0,1.0,0.7142857142857143,1.0,1.0,1.0,1.0,0.8571428571428571,1.0,Ns/Nc,0,6,1.0,1.0,0.7142857142857143,1.0,1.0,1.0,1.0,1.0,1.0,Ns/Nc,Si,1,2,3,3,2,0,0,3,0,1,3,3,3,0,3,3,3,1,data_Dia1,NoLoSe,[],NoLoSe,[]
19,['19379'],1003,18-24,Null,Secundaria,0.5714285714285714,1.0,0.14285714285714285,1.0,0.8571428571428571,0.8571428571428571,1.0,0.2857142857142857,1.0,1.0,0,9,1.0,1.0,0.8571428571428571,1.0,0.8571428571428571,1.0,1.0,0.8571428571428571,1.0,0.2857142857142857,NS/NC,2,4,3,4,4,0,0,4,0,4,2,3,3,0,4,3,2,2,data_Dia1,Magnetismo,"['Calor', 'Electricidad']",NoLoSe,[]
20,['32199'],1003,25-40,Fisica/CsAt/Ocea,Univ en curso,0.42857142857142855,1.0,0.7142857142857143,1.0,0.5714285714285714,0.42857142857142855,1.0,0.5714285714285714,1.0,0.14285714285714285,0,1,1.0,1.0,1.0,1.0,1.0,0.14285714285714285,1.0,1.0,1.0,0.5714285714285714,No,3,1,2,4,2,0,0,2,0,2,2,3,4,0,4,3,2,2,data_Dia1,NoLoSe,"['Calor', 'Presion']",Presion,['NoLoSe']
21,['33925'],1003,25-40,Fisica/CsAt/Ocea,Universidad,Ns/Nc,Ns/Nc,Ns/Nc,Ns/Nc,Ns/Nc,Ns/Nc,Ns/Nc,Ns/Nc,Ns/Nc,Ns/Nc,1,5,Ns/Nc,Ns/Nc,Ns/Nc,Ns/Nc,Ns/Nc,0.14285714285714285,Ns/Nc,Ns/Nc,Ns/Nc,Ns/Nc,NoSe,Null,3,2,2,NS/NC,2,3,NS/NC,1,2,2,3,2,2,3,3,1,2,data_Dia1,Presion,"['Calor', 'Magnetismo', 'Electricidad']",Presion,[]
22,['47762'],1003,25-40,Fisica/CsAt/Ocea,Universidad,0.42857142857142855,0.42857142857142855,0.42857142857142855,0.7142857142857143,0.7142857142857143,0.42857142857142855,0.7142857142857143,0.7142857142857143,0.42857142857142855,0.14285714285714285,0,5,0.5714285714285714,0.5714285714285714,0.5714285714285714,0.5714285714285714,0.5714285714285714,0.5714285714285714,0.5714285714285714,0.5714285714285714,0.5714285714285714,0.5714285714285714,NoSe,2,0,2,3,3,2,2,2,1,2,2,2,3,1,3,2,1,1,data_Dia1,Calor,['Poderes'],Aura,['Poderes']
23,['18200'],1003,25-40,Fisica/CsAt/Ocea,Universidad,0.7142857142857143,1.0,0.42857142857142855,1.0,1.0,0.14285714285714285,1.0,0.42857142857142855,1.0,0.5714285714285714,0,10,1.0,1.0,1.0,1.0,1.0,0.14285714285714285,1.0,1.0,1.0,1.0,Si,4,2,3,4,1,0,3,4,1,2,2,1,1,1,4,4,1,1,data_Dia1,Presion,"['Magnetismo', 'Electricidad']",Presion,[]
24,['25180'],1003,25-40,Fisica/CsAt/Ocea,Universidad,0.7142857142857143,Ns/Nc,0.2857142857142857,Ns/Nc,Ns/Nc,0.7142857142857143,Ns/Nc,0.7142857142857143,Ns/Nc,Ns/Nc,0,10,Ns/Nc,Ns/Nc,Ns/Nc,Ns/Nc,Ns/Nc,0.2857142857142857,Ns/Nc,Ns/Nc,Ns/Nc,Ns/Nc,Si,3,3,3,3,3,3,1,3,1,3,3,3,3,1,3,3,3,3,data_Dia1,Magnetismo,"['Calor', 'Presion', 'Electricidad']",Presion,[]
25,['62772'],1003,18-24,Fisica/CsAt/Ocea,Universidad,0.5714285714285714,1.0,0.5714285714285714,1.0,1.0,0.7142857142857143,1.0,0.7142857142857143,1.0,0.14285714285714285,0,0,1.0,1.0,1.0,1.0,1.0,0.14285714285714285,1.0,1.0,1.0,Ns/Nc,NS/NC,1,3,3,3,1,0,0,4,0,2,3,3,3,0,3,3,2,1,data_Dia1,NoLoSe,"['Calor', 'Magnetismo']",Presion,[]
26,['24609'],1003,25-40,Null,Posgrado,0.7142857142857143,1.0,0.14285714285714285,0.8571428571428571,0.8571428571428571,0.8571428571428571,1.0,0.7142857142857143,1.0,Ns/Nc,0,0,1.0,1.0,1.0,1.0,1.0,1.0,1.0,1.0,1.0,0.14285714285714285,NS/NC,4,3,3,4,2,2,2,3,2,2,2,NS/NC,3,2,3,2,2,2,data_Dia1,Magnetismo,['NoLoSe'],NoLoSe,['Poderes']
27,['60539'],1003,25-40,Fisica/CsAt/Ocea,Universidad,Ns/Nc,0.5714285714285714,0.14285714285714285,Ns/Nc,Ns/Nc,Ns/Nc,Ns/Nc,Ns/Nc,0.5714285714285714,Ns/Nc,0,10,Ns/Nc,0.14285714285714285,Ns/Nc,Ns/Nc,Ns/Nc,Ns/Nc,Ns/Nc,Ns/Nc,0.14285714285714285,Ns/Nc,Si,3,0,3,4,3,3,2,3,2,2,3,4,2,2,4,2,4,2,data_Dia1,Magnetismo,"['Telequinesis', 'Poderes']",Poderes,['Telequinesis']
28,['60632'],1003,25-40,Ingenieria (no sist),Posgrado,Ns/Nc,1.0,Ns/Nc,Ns/Nc,1.0,1.0,1.0,1.0,1.0,1.0,0,5,1.0,1.0,Ns/Nc,1.0,1.0,1.0,1.0,Ns/Nc,1.0,0.14285714285714285,NoSe,4,3,4,3,Null,NS/NC,3,3,3,3,3,3,3,3,3,3,3,3,data_Dia1,Calor,['Magnetismo'],Magnetismo,['Electricidad']
29,['65008'],1003,25-40,Fisica/CsAt/Ocea,Univ en curso,Ns/Nc,Ns/Nc,Ns/Nc,Ns/Nc,Ns/Nc,0.42857142857142855,Ns/Nc,Ns/Nc,Ns/Nc,0.14285714285714285,0,0,Ns/Nc,Ns/Nc,Ns/Nc,Ns/Nc,Ns/Nc,Ns/Nc,Ns/Nc,Ns/Nc,Ns/Nc,0.42857142857142855,Si,1,3,0,4,4,0,0,4,0,4,3,3,3,0,2,4,2,4,data_Dia1,NoLoSe,[],NoLoSe,[]
30,['20877'],1003,25-40,Profesorado Naturales,Univ en curso,0.5714285714285714,1.0,Ns/Nc,0.5714285714285714,1.0,0.7142857142857143,0.7142857142857143,1.0,1.0,1.0,0,0,1.0,1.0,0.7142857142857143,1.0,1.0,1.0,1.0,Ns/Nc,1.0,0.14285714285714285,No,3,3,3,3,2,1,1,3,1,1,2,3,3,1,2,3,3,2,data_Dia1,NoLoSe,['Magnetismo'],NoLoSe,[]
31,['19114'],1003,25-40,Ingenieria (no sist),Universidad,0.14285714285714285,1.0,0.5714285714285714,1.0,1.0,0.8571428571428571,1.0,1.0,1.0,0.5714285714285714,0,10,0.5714285714285714,1.0,Ns/Nc,1.0,1.0,1.0,Ns/Nc,0.2857142857142857,1.0,0.42857142857142855,Si,2,4,4,4,4,2,2,4,1,3,3,3,4,2,NS/NC,4,2,3,data_Dia1,Calor,['Magnetismo'],Electricidad,"['Calor', 'Magnetismo']"
32,['53861'],1003,25-40,Ingenieria (no sist),Posgrado,0.7142857142857143,1.0,0.8571428571428571,1.0,1.0,0.42857142857142855,1.0,0.8571428571428571,1.0,0.5714285714285714,0,4,1.0,1.0,1.0,1.0,1.0,0.42857142857142855,1.0,1.0,1.0,1.0,Si,0,1,4,3,3,0,1,4,3,2,3,3,3,1,1,1,3,2,data_Dia1,Presion,['Calor'],Presion,[]
33,['16506'],1003,25-40,Ingenieria (no sist),Posgrado,0.8571428571428571,1.0,0.2857142857142857,0.8571428571428571,0.8571428571428571,0.8571428571428571,1.0,0.8571428571428571,1.0,0.8571428571428571,0,3,1.0,1.0,0.14285714285714285,1.0,1.0,1.0,1.0,1.0,1.0,1.0,NS/NC,2,3,2,3,2,3,1,3,2,2,1,NS/NC,2,1,3,3,3,2,data_Dia1,Magnetismo,"['Calor', 'Presion']",Magnetismo,[]
34,['53062'],1003,25-40,Fisica/CsAt/Ocea,Univ en curso,0.2857142857142857,Ns/Nc,Ns/Nc,Ns/Nc,Ns/Nc,1.0,Ns/Nc,0.2857142857142857,Ns/Nc,Ns/Nc,0,10,1.0,1.0,1.0,1.0,1.0,0.14285714285714285,1.0,1.0,1.0,1.0,Si,3,3,2,3,3,NS/NC,NS/NC,3,3,4,3,3,3,NS/NC,2,4,2,2,data_Dia1,NoLoSe,"['Calor', 'Presion', 'Electricidad']",Presion,[]
35,['53496'],1003,25-40,Fisica/CsAt/Ocea,Universidad,0.8571428571428571,1.0,1.0,1.0,1.0,0.14285714285714285,1.0,0.7142857142857143,1.0,1.0,0,1,0.8571428571428571,1.0,1.0,1.0,1.0,0.7142857142857143,1.0,1.0,1.0,1.0,NoSe,2,3,3,3,2,Null,1,3,1,3,3,4,2,1,2,3,1,2,data_Dia1,Presion,['Electricidad'],Presion,['Calor']
36,['30589'],1003,18-24,Arq/Diseno,Univ en curso,Ns/Nc,Ns/Nc,0.42857142857142855,Ns/Nc,Ns/Nc,Ns/Nc,Ns/Nc,0.2857142857142857,Ns/Nc,Ns/Nc,0,5,Ns/Nc,Ns/Nc,0.42857142857142855,Ns/Nc,0.2857142857142857,Ns/Nc,Ns/Nc,Ns/Nc,0.8571428571428571,Ns/Nc,Si,2,1,0,4,3,2,0,4,2,2,3,1,2,2,3,4,3,3,data_Dia1,Electricidad,['Magnetismo'],Cuantica,"['Magnetismo', 'Poderes']"
37,['39914'],1003,18-24,Arq/Diseno,Univ en curso,Ns/Nc,Ns/Nc,Ns/Nc,Ns/Nc,0.7142857142857143,0.5714285714285714,Ns/Nc,Ns/Nc,Ns/Nc,Ns/Nc,0,7,Ns/Nc,Ns/Nc,Ns/Nc,Ns/Nc,0.7142857142857143,Ns/Nc,0.5714285714285714,Ns/Nc,Ns/Nc,Ns/Nc,NS/NC,2,3,2,4,3,1,2,4,2,3,1,3,1,3,4,3,2,3,data_Dia1,Presion,['Cuantica'],Aura,['Cuantica']
38,['30367'],1003,18-24,Arq/Diseno,Univ en curso,Ns/Nc,Ns/Nc,0.42857142857142855,Ns/Nc,0.7142857142857143,Ns/Nc,Ns/Nc,Ns/Nc,Ns/Nc,Ns/Nc,1,0,Ns/Nc,Ns/Nc,Ns/Nc,0.14285714285714285,Ns/Nc,Ns/Nc,Ns/Nc,0.42857142857142855,Ns/Nc,Ns/Nc,NoSe,3,3,3,3,3,2,2,3,0,4,2,4,3,3,4,3,3,2,data_Dia1,Magnetismo,['Cuantica'],Cosmica,['Electricidad']
39,['57781'],1003,18-24,Arq/Diseno,Univ en curso,Ns/Nc,Ns/Nc,0.5714285714285714,Ns/Nc,Ns/Nc,Ns/Nc,0.7142857142857143,Ns/Nc,Ns/Nc,Ns/Nc,0,4,1.0,1.0,1.0,1.0,1.0,1.0,0.14285714285714285,1.0,0.5714285714285714,1.0,NoSe,3,2,1,4,3,2,1,3,0,2,2,4,2,2,3,2,3,2,data_Dia1,Magnetismo,['Aura'],Aura,['Poderes']
40,['15840'],1003,18-24,Arq/Diseno,Univ en curso,0.5714285714285714,0.2857142857142857,0.7142857142857143,0.42857142857142855,Ns/Nc,0.14285714285714285,0.42857142857142855,0.5714285714285714,1.0,Ns/Nc,0,4,0.5714285714285714,0.42857142857142855,0.2857142857142857,0.7142857142857143,0.5714285714285714,0.2857142857142857,0.7142857142857143,0.2857142857142857,0.7142857142857143,Ns/Nc,Si,3,4,4,4,4,3,1,4,1,4,2,2,Null,1,3,4,4,4,data_Dia1,Magnetismo,['Calor'],Electricidad,['Presion']
41,['28684'],1003,18-24,Arq/Diseno,Univ en curso,0.5714285714285714,1.0,0.5714285714285714,0.8571428571428571,0.42857142857142855,0.42857142857142855,0.8571428571428571,1.0,1.0,1.0,0,6,0.7142857142857143,0.7142857142857143,0.42857142857142855,0.42857142857142855,0.7142857142857143,0.42857142857142855,Ns/Nc,Ns/Nc,0.8571428571428571,1.0,No,4,0,3,4,3,2,3,4,0,2,1,0,4,3,Null,3,3,3,data_Dia1,Calor,['Presion'],Poderes,['Cosmica']
42,['56746'],1003,18-24,Arq/Diseno,Univ en curso,Ns/Nc,1.0,1.0,1.0,1.0,1.0,1.0,1.0,1.0,1.0,0,5,1.0,1.0,0.14285714285714285,1.0,1.0,1.0,1.0,1.0,1.0,1.0,No,3,0,0,2,0,0,4,4,3,4,1,3,4,3,4,4,3,4,data_Dia1,Calor,[],Magnetismo,[]
43,['58135'],1003,18-24,Arq/Diseno,Univ en curso,Ns/Nc,Ns/Nc,Ns/Nc,Ns/Nc,Ns/Nc,0.14285714285714285,Ns/Nc,Ns/Nc,Ns/Nc,Ns/Nc,0,1,Ns/Nc,Ns/Nc,Ns/Nc,Ns/Nc,Ns/Nc,0.14285714285714285,Ns/Nc,Ns/Nc,Ns/Nc,Ns/Nc,NS/NC,2,2,1,4,3,2,2,2,0,2,2,4,3,2,4,2,2,3,data_Dia1,Presion,[],Presion,[]
0,['41929'],1003,25-40,Mate/Comp/Sist,Univ en curso,0.42857142857142855,1.0,1.0,1.0,1.0,0.2857142857142857,1.0,1.0,1.0,0.14285714285714285,1,1,1.0,1.0,1.0,1.0,1.0,0.2857142857142857,1.0,1.0,1.0,0.14285714285714285,Si,2,3,3,3,4,2,0,3,0,4,4,2,3,0,1,3,4,3,data_Dia2,Presion,"['Calor', 'NoLoSe']",Presion,['NoLoSe']
1,['53512'],1003,25-40,Fisica/CsAt/Ocea,Posgrado,0.5714285714285714,1.0,1.0,1.0,1.0,0.14285714285714285,1.0,1.0,1.0,0.5714285714285714,0,1,0.8571428571428571,1.0,1.0,1.0,1.0,0.2857142857142857,1.0,1.0,1.0,0.5714285714285714,Si,3,3,2,3,1,0,NS/NC,2,0,3,2,3,2,0,1,2,1,3,data_Dia2,Presion,"['Calor', 'NoLoSe']",Presion,['Calor']
2,['30608'],1003,25-40,Fisica/CsAt/Ocea,Posgrado,0.7142857142857143,1.0,0.7142857142857143,0.8571428571428571,0.7142857142857143,0.2857142857142857,1.0,0.7142857142857143,1.0,0.8571428571428571,0,4,0.7142857142857143,1.0,0.7142857142857143,0.8571428571428571,0.7142857142857143,0.14285714285714285,1.0,0.7142857142857143,1.0,0.8571428571428571,NoSe,2,3,1,2,2,2,1,3,1,3,2,3,1,1,3,3,1,2,data_Dia2,Presion,[],Presion,[]
3,['55270'],1003,25-40,Fisica/CsAt/Ocea,Posgrado,0.2857142857142857,1.0,1.0,1.0,1.0,0.2857142857142857,1.0,1.0,1.0,0.5714285714285714,1,8,0.2857142857142857,1.0,1.0,1.0,1.0,0.2857142857142857,1.0,1.0,1.0,0.5714285714285714,NoSe,3,3,3,3,3,1,0,4,0,3,3,3,3,0,2,3,2,2,data_Dia2,Calor,['Presion'],Calor,['Presion']
4,['60583'],1003,18-24,Mate/Comp/Sist,Secundaria,Ns/Nc,Ns/Nc,0.7142857142857143,0.7142857142857143,Ns/Nc,Ns/Nc,Ns/Nc,0.42857142857142855,Ns/Nc,Ns/Nc,1,7,Ns/Nc,0.5714285714285714,0.5714285714285714,0.2857142857142857,Ns/Nc,Ns/Nc,0.2857142857142857,0.5714285714285714,0.2857142857142857,Ns/Nc,Si,4,3,3,4,3,2,2,3,1,3,3,3,3,3,3,3,3,4,data_Dia2,Electricidad,"['Magnetismo', 'Cosmica']",Null,"['Telequinesis', 'Magnetismo', 'Electricidad']"
5,['34109'],1003,25-40,Null,Universidad,0.7142857142857143,1.0,0.2857142857142857,1.0,0.8571428571428571,0.8571428571428571,1.0,0.5714285714285714,1.0,Ns/Nc,0,0,1.0,1.0,0.8571428571428571,1.0,1.0,0.14285714285714285,1.0,0.8571428571428571,1.0,Ns/Nc,Si,2,2,3,3,1,2,0,3,0,3,3,2,Null,0,2,3,3,3,data_Dia2,NoLoSe,"['Magnetismo', 'Presion', 'Electricidad']",Ns/Nc,[]
6,['59337'],1003,13-17,Mate/Comp/Sist,Secundaria,0.5714285714285714,0.5714285714285714,0.5714285714285714,1.0,0.5714285714285714,0.2857142857142857,1.0,0.5714285714285714,1.0,1.0,0,10,0.5714285714285714,0.5714285714285714,0.5714285714285714,1.0,0.7142857142857143,0.42857142857142855,1.0,0.7142857142857143,1.0,1.0,NoSe,3,3,4,4,4,1,4,3,2,4,3,4,3,3,3,3,4,4,data_Dia2,Calor,[],Null,['Magnetismo']
7,['48983'],1003,NS/NC,NS/NC,NS/NC,Ns/Nc,Ns/Nc,Ns/Nc,Ns/Nc,Ns/Nc,Ns/Nc,Ns/Nc,Ns/Nc,Ns/Nc,Ns/Nc,0,0,Ns/Nc,Ns/Nc,Ns/Nc,Ns/Nc,Ns/Nc,Ns/Nc,Ns/Nc,Ns/Nc,Ns/Nc,Ns/Nc,NS/NC,NS/NC,NS/NC,NS/NC,NS/NC,NS/NC,NS/NC,NS/NC,NS/NC,NS/NC,NS/NC,NS/NC,NS/NC,NS/NC,NS/NC,NS/NC,NS/NC,NS/NC,NS/NC,data_Dia2,Ns/Nc,[],Ns/Nc,[]
8,['17192'],1003,25-40,Fisica/CsAt/Ocea,Universidad,Ns/Nc,Ns/Nc,Ns/Nc,Ns/Nc,Ns/Nc,Ns/Nc,Ns/Nc,Ns/Nc,Ns/Nc,Ns/Nc,0,0,Ns/Nc,Ns/Nc,Ns/Nc,Ns/Nc,Ns/Nc,Ns/Nc,Ns/Nc,Ns/Nc,Ns/Nc,Ns/Nc,NS/NC,NS/NC,NS/NC,NS/NC,NS/NC,NS/NC,NS/NC,NS/NC,NS/NC,NS/NC,NS/NC,NS/NC,NS/NC,NS/NC,NS/NC,NS/NC,NS/NC,NS/NC,NS/NC,data_Dia2,Ns/Nc,[],Ns/Nc,[]
9,['62179'],1003,18-24,Fisica/CsAt/Ocea,Univ en curso,Ns/Nc,Ns/Nc,0.14285714285714285,Ns/Nc,Ns/Nc,0.2857142857142857,Ns/Nc,Ns/Nc,Ns/Nc,Ns/Nc,0,7,Ns/Nc,Ns/Nc,Ns/Nc,Ns/Nc,Ns/Nc,0.14285714285714285,Ns/Nc,Ns/Nc,Ns/Nc,Ns/Nc,No,3,3,3,3,4,0,2,3,1,4,3,2,4,1,3,4,Null,3,data_Dia2,NoLoSe,"['Magnetismo', 'Presion']",Ns/Nc,[]
10,['20372'],1003,18-24,Fisica/CsAt/Ocea,Univ en curso,0.7142857142857143,1.0,0.2857142857142857,1.0,1.0,1.0,1.0,0.42857142857142855,1.0,0.14285714285714285,0,9,1.0,1.0,1.0,1.0,1.0,0.14285714285714285,1.0,1.0,1.0,1.0,Si,3,3,4,3,2,0,Null,3,Null,3,3,3,2,1,3,3,4,3,data_Dia2,Ns/Nc,['Electricidad'],Presion,[]
11,['36377'],1003,25-40,Fisica/CsAt/Ocea,Posgrado,Ns/Nc,Ns/Nc,0.42857142857142855,Ns/Nc,Ns/Nc,0.7142857142857143,Ns/Nc,Ns/Nc,Ns/Nc,Ns/Nc,0,1,Ns/Nc,Ns/Nc,Ns/Nc,Ns/Nc,Ns/Nc,0.14285714285714285,Ns/Nc,Ns/Nc,Ns/Nc,Ns/Nc,No,3,3,3,3,3,2,1,3,1,3,3,3,3,1,4,3,1,3,data_Dia2,Magnetismo,['Presion'],Presion,[]
12,['36825'],1003,25-40,Null,Null,0.5714285714285714,1.0,1.0,1.0,0.5714285714285714,1.0,1.0,1.0,1.0,0.2857142857142857,0,7,Ns/Nc,Ns/Nc,Ns/Nc,Ns/Nc,Ns/Nc,Ns/Nc,Ns/Nc,Ns/Nc,Ns/Nc,Ns/Nc,NS/NC,NS/NC,NS/NC,NS/NC,NS/NC,NS/NC,NS/NC,NS/NC,NS/NC,NS/NC,NS/NC,NS/NC,NS/NC,NS/NC,NS/NC,NS/NC,NS/NC,NS/NC,NS/NC,data_Dia2,Cuantica,"['Calor', 'Cosmica']",Ns/Nc,[]
13,['43942'],1003,25-40,Fisica/CsAt/Ocea,Universidad,1.0,1.0,0.7142857142857143,0.14285714285714285,1.0,1.0,1.0,1.0,1.0,0.14285714285714285,0,1,1.0,1.0,1.0,0.7142857142857143,0.14285714285714285,1.0,1.0,1.0,1.0,1.0,No,4,4,3,4,4,2,0,3,0,4,2,4,4,2,3,2,3,4,data_Dia2,Cosmica,[],Cuantica,[]
14,['57072'],1003,18-24,Fisica/CsAt/Ocea,Univ en curso,0.14285714285714285,1.0,0.5714285714285714,1.0,0.8571428571428571,0.5714285714285714,1.0,0.7142857142857143,1.0,0.14285714285714285,0,4,1.0,1.0,1.0,1.0,1.0,1.0,1.0,1.0,1.0,Ns/Nc,Si,4,4,4,4,3,0,1,4,1,2,3,2,4,1,4,3,2,3,data_Dia2,Calor,"['Presion', 'NoLoSe']",NoLoSe,[]
15,['42599'],1003,25-40,Fisica/CsAt/Ocea,Universidad,Ns/Nc,Ns/Nc,0.2857142857142857,Ns/Nc,Ns/Nc,0.2857142857142857,Ns/Nc,0.14285714285714285,Ns/Nc,Ns/Nc,0,1,1.0,1.0,1.0,1.0,1.0,0.14285714285714285,1.0,1.0,1.0,1.0,NoSe,2,3,3,3,3,3,1,3,1,2,2,2,2,1,2,2,2,3,data_Dia2,Null,['Magnetismo'],Presion,[]
16,['50654'],1003,25-40,Fisica/CsAt/Ocea,Univ en curso,1.0,1.0,0.8571428571428571,1.0,0.7142857142857143,0.14285714285714285,1.0,0.7142857142857143,1.0,Ns/Nc,0,1,1.0,1.0,0.8571428571428571,1.0,1.0,0.14285714285714285,1.0,0.7142857142857143,1.0,Ns/Nc,No,1,2,4,2,3,1,Null,3,1,3,3,3,3,1,4,2,1,3,data_Dia2,Presion,[],Presion,[]
17,['29655'],1003,25-40,Fisica/CsAt/Ocea,Univ en curso,Ns/Nc,Ns/Nc,Ns/Nc,Ns/Nc,Ns/Nc,0.42857142857142855,Ns/Nc,Ns/Nc,Ns/Nc,Ns/Nc,0,1,Ns/Nc,Ns/Nc,Ns/Nc,Ns/Nc,Ns/Nc,0.2857142857142857,Ns/Nc,Ns/Nc,Ns/Nc,Ns/Nc,NoSe,NS/NC,3,NS/NC,NS/NC,NS/NC,NS/NC,NS/NC,3,NS/NC,NS/NC,4,NS/NC,NS/NC,NS/NC,NS/NC,NS/NC,NS/NC,NS/NC,data_Dia2,Presion,[],Presion,[]
18,['31687'],1003,>40,Fisica/CsAt/Ocea,Univ en curso,0.5714285714285714,1.0,1.0,0.8571428571428571,0.8571428571428571,1.0,1.0,1.0,1.0,1.0,0,1,1.0,1.0,1.0,1.0,1.0,0.14285714285714285,1.0,1.0,1.0,Ns/Nc,NS/NC,4,3,3,4,4,1,1,NS/NC,1,4,2,NS/NC,4,0,4,3,3,4,data_Dia2,Presion,[],Presion,[]
19,['46943'],1003,25-40,Fisica/CsAt/Ocea,Univ en curso,0.8571428571428571,1.0,1.0,1.0,1.0,0.14285714285714285,1.0,1.0,1.0,Ns/Nc,0,1,1.0,1.0,1.0,1.0,1.0,0.14285714285714285,1.0,1.0,1.0,1.0,No,2,3,3,3,4,Null,0,3,0,4,3,3,3,0,4,2,3,3,data_Dia2,Presion,['Calor'],Presion,[]
20,['19057'],1003,18-24,Fisica/CsAt/Ocea,Univ en curso,0.7142857142857143,1.0,0.14285714285714285,1.0,0.42857142857142855,0.42857142857142855,1.0,0.5714285714285714,1.0,0.5714285714285714,0,3,1.0,1.0,0.14285714285714285,1.0,0.5714285714285714,1.0,1.0,0.5714285714285714,1.0,0.14285714285714285,NoSe,4,2,3,4,2,3,2,4,0,2,3,1,4,2,3,3,4,2,data_Dia2,Magnetismo,['Calor'],Magnetismo,['NoLoSe']
21,['55954'],1003,18-24,Fisica/CsAt/Ocea,Univ en curso,1.0,1.0,0.42857142857142855,0.8571428571428571,0.8571428571428571,1.0,1.0,0.42857142857142855,0.14285714285714285,0.5714285714285714,0,5,1.0,1.0,0.42857142857142855,1.0,0.8571428571428571,1.0,1.0,0.42857142857142855,1.0,0.5714285714285714,NoSe,2,4,3,3,3,0,1,2,1,3,2,1,0,0,2,2,2,3,data_Dia2,Electricidad,['Magnetismo'],NoLoSe,"['Magnetismo', 'Electricidad']"
0,['32929'],1003,18-24,Fisica/CsAt/Ocea,Univ en curso,0.7142857142857143,1.0,0.42857142857142855,1.0,1.0,0.14285714285714285,1.0,0.7142857142857143,1.0,0.7142857142857143,0,2,0.8571428571428571,1.0,0.7142857142857143,1.0,1.0,0.7142857142857143,1.0,0.8571428571428571,1.0,0.2857142857142857,NoSe,1,0,2,3,2,0,0,3,0,1,3,2,1,0,2,2,2,2,data_Dia3SinTocar,Presion,['Magnetismo'],NoLoSe,"['Magnetismo', 'Presion']"
1,['36405'],1003,25-40,Fisica/CsAt/Ocea,Univ en curso,0.5714285714285714,1.0,0.5714285714285714,1.0,0.7142857142857143,1.0,1.0,Ns/Nc,1.0,0.14285714285714285,0,1,1.0,1.0,0.5714285714285714,Ns/Nc,Ns/Nc,1.0,Ns/Nc,0.5714285714285714,1.0,0.14285714285714285,No,4,0,NS/NC,4,3,0,0,4,0,4,4,4,4,0,4,4,4,4,data_Dia3SinTocar,Electricidad,"['Cuantica', 'NoLoSe']",Cuantica,[]
2,['46633'],1003,25-40,Fisica/CsAt/Ocea,NS/NC,1.0,1.0,0.14285714285714285,1.0,1.0,0.5714285714285714,1.0,1.0,1.0,0.7142857142857143,0,10,1.0,1.0,0.5714285714285714,1.0,1.0,0.14285714285714285,1.0,1.0,1.0,1.0,Si,4,3,3,4,2,1,0,3,0,0,3,2,2,0,NS/NC,1,3,0,data_Dia3SinTocar,Magnetismo,['Presion'],Presion,['Magnetismo']
3,['35111'],1003,18-24,Fisica/CsAt/Ocea,Univ en curso,0.7142857142857143,1.0,1.0,1.0,1.0,0.5714285714285714,1.0,1.0,1.0,0.2857142857142857,0,3,1.0,1.0,1.0,1.0,1.0,0.2857142857142857,1.0,1.0,1.0,0.5714285714285714,Si,2,2,3,3,4,2,0,2,1,4,4,3,3,0,4,3,3,4,data_Dia3SinTocar,Null,[],Presion,['NoLoSe']
4,['16286'],1003,18-24,Fisica/CsAt/Ocea,Univ en curso,Ns/Nc,Ns/Nc,Ns/Nc,Ns/Nc,Ns/Nc,Ns/Nc,Ns/Nc,Ns/Nc,Ns/Nc,Ns/Nc,0,0,Ns/Nc,Ns/Nc,Ns/Nc,Ns/Nc,Ns/Nc,Ns/Nc,Ns/Nc,Ns/Nc,Ns/Nc,Ns/Nc,NS/NC,NS/NC,NS/NC,NS/NC,NS/NC,NS/NC,NS/NC,NS/NC,NS/NC,NS/NC,NS/NC,NS/NC,NS/NC,NS/NC,NS/NC,NS/NC,NS/NC,NS/NC,NS/NC,data_Dia3SinTocar,Ns/Nc,[],Ns/Nc,[]
5,['26630'],1003,NS/NC,NS/NC,NS/NC,Ns/Nc,Ns/Nc,Ns/Nc,Ns/Nc,Ns/Nc,Ns/Nc,Ns/Nc,Ns/Nc,Ns/Nc,Ns/Nc,0,0,Ns/Nc,Ns/Nc,Ns/Nc,Ns/Nc,Ns/Nc,Ns/Nc,Ns/Nc,Ns/Nc,Ns/Nc,Ns/Nc,NS/NC,NS/NC,NS/NC,NS/NC,NS/NC,NS/NC,NS/NC,NS/NC,NS/NC,NS/NC,NS/NC,NS/NC,NS/NC,NS/NC,NS/NC,NS/NC,NS/NC,NS/NC,NS/NC,data_Dia3SinTocar,Ns/Nc,[],Ns/Nc,[]
6,['41690'],1003,25-40,Ingenieria (no sist),Posgrado,1.0,1.0,1.0,1.0,1.0,Ns/Nc,1.0,1.0,1.0,1.0,0,1,1.0,1.0,1.0,1.0,1.0,Ns/Nc,1.0,1.0,1.0,1.0,No,3,3,3,3,3,2,0,3,0,3,4,3,4,0,3,4,3,3,data_Dia3SinTocar,Presion,[],Presion,"['Calor', 'Telequinesis', 'Magnetismo', 'Cosmica', 'Cuantica', 'Aura', 'Electricidad', 'Poderes', 'NoLoSe']"
7,['59641'],1003,25-40,Null,Universidad,1.0,1.0,0.42857142857142855,1.0,1.0,0.2857142857142857,1.0,0.2857142857142857,1.0,Ns/Nc,0,1,1.0,1.0,0.14285714285714285,1.0,1.0,0.2857142857142857,1.0,1.0,1.0,1.0,Si,3,4,3,3,3,2,0,3,0,4,3,3,3,0,3,3,1,4,data_Dia3SinTocar,Presion,['Magnetismo'],Magnetismo,['Presion']
8,['16190'],1003,>40,Fisica/CsAt/Ocea,Posgrado,Ns/Nc,Ns/Nc,Ns/Nc,Ns/Nc,Ns/Nc,0.14285714285714285,Ns/Nc,Ns/Nc,Ns/Nc,Ns/Nc,0,1,Ns/Nc,Ns/Nc,Ns/Nc,Ns/Nc,Ns/Nc,0.14285714285714285,Ns/Nc,Ns/Nc,Ns/Nc,Ns/Nc,No,3,3,2,3,3,1,1,3,1,3,3,3,3,1,3,3,3,3,data_Dia3SinTocar,Presion,[],Presion,[]
9,['46211'],1003,25-40,Fisica/CsAt/Ocea,Posgrado,Ns/Nc,Ns/Nc,Ns/Nc,Ns/Nc,Ns/Nc,0.14285714285714285,Ns/Nc,Ns/Nc,Ns/Nc,Ns/Nc,0,1,Ns/Nc,Ns/Nc,Ns/Nc,Ns/Nc,Ns/Nc,0.14285714285714285,Ns/Nc,Ns/Nc,Ns/Nc,Ns/Nc,Null,2,3,4,1,3,2,1,4,1,4,3,3,3,1,4,3,3,3,data_Dia3SinTocar,Presion,[],Presion,[]
10,['35358'],1003,25-40,Fisica/CsAt/Ocea,Posgrado,Ns/Nc,Ns/Nc,Ns/Nc,Ns/Nc,Ns/Nc,0.14285714285714285,Ns/Nc,Ns/Nc,Ns/Nc,Ns/Nc,0,1,Ns/Nc,Ns/Nc,Ns/Nc,Ns/Nc,Ns/Nc,0.14285714285714285,Ns/Nc,Ns/Nc,Ns/Nc,Ns/Nc,No,3,3,4,4,3,4,0,4,2,2,4,3,2,0,2,3,4,3,data_Dia3SinTocar,Presion,[],Presion,[]
11,['56026'],1003,25-40,Bio/Qui/Geo/Pale,Posgrado,Ns/Nc,Ns/Nc,0.14285714285714285,Ns/Nc,Ns/Nc,Ns/Nc,Ns/Nc,Ns/Nc,Ns/Nc,Ns/Nc,0,9,Ns/Nc,Ns/Nc,Ns/Nc,Ns/Nc,Ns/Nc,Ns/Nc,Ns/Nc,Ns/Nc,Ns/Nc,Ns/Nc,NoSe,1,3,3,3,3,2,1,4,2,3,2,4,3,2,4,3,2,2,data_Dia3SinTocar,Magnetismo,[],Magnetismo,['Electricidad']
12,['63885'],1003,25-40,Sociales,Universidad,0.14285714285714285,0.8571428571428571,0.2857142857142857,0.14285714285714285,0.5714285714285714,0.7142857142857143,1.0,0.42857142857142855,1.0,Ns/Nc,0,2,0.14285714285714285,0.42857142857142855,0.5714285714285714,0.8571428571428571,0.42857142857142855,0.2857142857142857,0.7142857142857143,0.14285714285714285,1.0,1.0,Si,3,4,0,4,1,1,3,4,2,1,0,3,Null,3,3,4,3,0,data_Dia3SinTocar,Calor,"['Magnetismo', 'Electricidad']",Cosmica,"['Presion', 'Electricidad']"
13,['42642'],1003,18-24,Mate/Comp/Sist,Univ en curso,Ns/Nc,1.0,0.2857142857142857,0.5714285714285714,0.5714285714285714,0.8571428571428571,0.8571428571428571,0.42857142857142855,1.0,Ns/Nc,0,5,0.7142857142857143,1.0,0.42857142857142855,0.7142857142857143,0.5714285714285714,1.0,0.7142857142857143,0.8571428571428571,1.0,Ns/Nc,NoSe,3,2,4,4,2,1,1,3,2,2,Null,2,3,1,2,3,3,1,data_Dia3SinTocar,NoLoSe,['Magnetismo'],NoLoSe,"['Magnetismo', 'Aura']"
14,['25010'],1003,18-24,Fisica/CsAt/Ocea,Univ en curso,0.7142857142857143,1.0,0.2857142857142857,1.0,1.0,0.5714285714285714,0.7142857142857143,0.14285714285714285,1.0,0.5714285714285714,0,5,1.0,1.0,0.2857142857142857,1.0,1.0,1.0,0.8571428571428571,0.2857142857142857,0.42857142857142855,0.5714285714285714,Si,2,3,4,3,2,1,0,3,0,3,1,2,4,2,3,3,1,2,data_Dia3SinTocar,Ns/Nc,['Magnetismo'],Ns/Nc,"['Magnetismo', 'Aura']"
15,['22408'],1003,18-24,Profesorado Naturales,Null,0.42857142857142855,1.0,0.2857142857142857,0.7142857142857143,0.7142857142857143,0.2857142857142857,0.5714285714285714,0.5714285714285714,1.0,1.0,0,7,0.5714285714285714,0.2857142857142857,0.2857142857142857,0.42857142857142855,0.2857142857142857,0.42857142857142855,0.14285714285714285,0.42857142857142855,1.0,1.0,No,4,2,4,2,1,0,0,2,2,1,1,3,3,0,4,3,3,0,data_Dia3SinTocar,Ns/Nc,"['Calor', 'Magnetismo']",NoLoSe,"['Telequinesis', 'Aura']"
16,['42846'],1003,13-17,Fisica/CsAt/Ocea,Univ en curso,0.14285714285714285,1.0,0.5714285714285714,1.0,1.0,0.2857142857142857,1.0,0.2857142857142857,1.0,1.0,0,8,0.2857142857142857,1.0,1.0,1.0,1.0,0.14285714285714285,1.0,0.5714285714285714,1.0,1.0,No,2,4,4,3,2,0,0,3,2,2,3,3,2,0,4,3,3,3,data_Dia3SinTocar,Calor,['Electricidad'],Presion,['Calor']
17,['51397'],1003,18-24,Fisica/CsAt/Ocea,Univ en curso,0.42857142857142855,1.0,0.42857142857142855,1.0,0.8571428571428571,0.42857142857142855,1.0,0.2857142857142857,1.0,0.14285714285714285,0,7,1.0,1.0,1.0,1.0,1.0,0.14285714285714285,1.0,1.0,1.0,1.0,Si,3,3,4,4,3,2,1,4,0,3,2,2,4,0,2,3,3,2,data_Dia3SinTocar,Electricidad,['Calor'],Presion,[]
18,['51171'],1003,25-40,Fisica/CsAt/Ocea,Univ en curso,0.7142857142857143,Ns/Nc,Ns/Nc,Ns/Nc,Ns/Nc,0.42857142857142855,Ns/Nc,0.7142857142857143,Ns/Nc,Ns/Nc,0,3,Ns/Nc,Ns/Nc,Ns/Nc,Ns/Nc,Ns/Nc,0.14285714285714285,Ns/Nc,Ns/Nc,Ns/Nc,Ns/Nc,Si,3,4,4,4,4,0,0,4,0,4,4,3,2,0,1,4,2,4,data_Dia3SinTocar,Presion,"['Calor', 'Electricidad']",Presion,[]
19,['20699'],1003,18-24,Fisica/CsAt/Ocea,Univ en curso,Ns/Nc,Ns/Nc,Ns/Nc,Ns/Nc,Ns/Nc,Ns/Nc,Ns/Nc,Ns/Nc,Ns/Nc,Ns/Nc,0,0,Ns/Nc,Ns/Nc,Ns/Nc,Ns/Nc,Ns/Nc,Ns/Nc,Ns/Nc,Ns/Nc,Ns/Nc,Ns/Nc,NS/NC,NS/NC,NS/NC,NS/NC,NS/NC,NS/NC,NS/NC,NS/NC,NS/NC,NS/NC,NS/NC,NS/NC,NS/NC,NS/NC,NS/NC,NS/NC,NS/NC,NS/NC,NS/NC,data_Dia3SinTocar,Ns/Nc,[],Ns/Nc,[]
20,['23546'],1003,25-40,Fisica/CsAt/Ocea,Univ en curso,0.7142857142857143,1.0,0.5714285714285714,1.0,1.0,0.7142857142857143,1.0,0.8571428571428571,1.0,Ns/Nc,0,5,1.0,1.0,1.0,1.0,Ns/Nc,0.5714285714285714,1.0,1.0,1.0,1.0,NoSe,3,3,3,3,3,2,2,3,3,3,3,2,2,2,2,3,2,3,data_Dia3SinTocar,Magnetismo,['Presion'],Presion,[]
0,['29608'],1003,25-40,Sociales,Posgrado,1.0,1.0,0.2857142857142857,1.0,1.0,1.0,1.0,0.8571428571428571,1.0,1.0,0,10,1.0,1.0,1.0,1.0,1.0,0.14285714285714285,1.0,1.0,1.0,1.0,Si,3,4,0,2,3,1,0,4,0,3,1,2,3,0,3,4,3,1,data_MarchaCyT,Magnetismo,['Electricidad'],Presion,['NoLoSe']
1,['30843'],1003,25-40,Bio/Qui/Geo/Pale,Universidad,0.42857142857142855,1.0,0.14285714285714285,0.7142857142857143,0.7142857142857143,0.42857142857142855,1.0,0.2857142857142857,1.0,0.14285714285714285,0,8,0.42857142857142855,1.0,0.42857142857142855,1.0,0.7142857142857143,0.14285714285714285,1.0,0.42857142857142855,1.0,0.14285714285714285,No,4,4,3,3,4,0,1,4,2,3,0,1,4,2,4,4,3,2,data_MarchaCyT,Magnetismo,"['Presion', 'Aura']",Presion,"['Calor', 'Magnetismo']"
2,['44863'],1003,18-24,Fisica/CsAt/Ocea,Univ en curso,0.7142857142857143,1.0,0.7142857142857143,1.0,0.5714285714285714,0.42857142857142855,1.0,0.7142857142857143,1.0,0.42857142857142855,0,5,0.7142857142857143,1.0,0.7142857142857143,1.0,0.7142857142857143,0.5714285714285714,1.0,0.7142857142857143,1.0,0.42857142857142855,Si,1,2,4,3,2,1,0,NS/NC,4,1,2,2,3,Null,2,3,1,1,data_MarchaCyT,Presion,['NoLoSe'],NoLoSe,['Presion']
3,['57904'],1003,18-24,Fisica/CsAt/Ocea,Univ en curso,0.7142857142857143,1.0,0.5714285714285714,0.8571428571428571,0.8571428571428571,0.14285714285714285,1.0,0.7142857142857143,1.0,0.14285714285714285,0,1,1.0,1.0,1.0,1.0,1.0,0.14285714285714285,1.0,1.0,1.0,0.42857142857142855,No,3,4,3,3,3,1,1,3,1,3,1,3,3,1,3,4,2,2,data_MarchaCyT,Presion,['NoLoSe'],Presion,['NoLoSe']
4,['45456'],1003,18-24,Fisica/CsAt/Ocea,Univ en curso,0.5714285714285714,1.0,0.2857142857142857,1.0,0.42857142857142855,0.2857142857142857,1.0,0.2857142857142857,1.0,1.0,0,3,0.8571428571428571,1.0,1.0,1.0,1.0,0.14285714285714285,1.0,1.0,1.0,Ns/Nc,Si,2,3,3,3,2,2,NS/NC,3,1,2,3,3,3,1,3,3,3,3,data_MarchaCyT,Magnetismo,['NoLoSe'],Presion,[]
5,['16905'],1003,18-24,Bio/Qui/Geo/Pale,Univ en curso,1.0,1.0,0.42857142857142855,0.7142857142857143,0.5714285714285714,0.42857142857142855,1.0,0.5714285714285714,1.0,Ns/Nc,0,5,1.0,1.0,0.7142857142857143,1.0,1.0,0.7142857142857143,1.0,1.0,0.14285714285714285,Ns/Nc,Si,2,4,2,3,3,0,0,3,0,4,2,2,3,0,4,2,0,3,data_MarchaCyT,Magnetismo,[],Poderes,[]
6,['48503'],1003,25-40,Fisica/CsAt/Ocea,Universidad,0.8571428571428571,1.0,0.5714285714285714,1.0,1.0,1.0,1.0,0.14285714285714285,1.0,0.14285714285714285,1,8,0.8571428571428571,1.0,0.42857142857142855,1.0,1.0,1.0,1.0,1.0,1.0,0.14285714285714285,Si,3,3,4,4,2,0,1,3,1,3,2,3,4,0,4,4,4,3,data_MarchaCyT,NoLoSe,"['Magnetismo', 'Electricidad']",NoLoSe,"['Magnetismo', 'Electricidad']"
7,['17837'],1003,25-40,Mate/Comp/Sist,Terciario,Ns/Nc,1.0,0.14285714285714285,1.0,0.42857142857142855,0.7142857142857143,1.0,0.42857142857142855,1.0,Ns/Nc,0,5,0.42857142857142855,1.0,0.14285714285714285,1.0,Ns/Nc,0.7142857142857143,1.0,0.7142857142857143,1.0,Ns/Nc,No,3,4,4,3,3,0,0,3,0,1,2,2,3,0,2,3,3,2,data_MarchaCyT,Magnetismo,['Calor'],Presion,['Magnetismo']
8,['17871'],1003,25-40,Profesorado Naturales,Posgrado,0.5714285714285714,1.0,0.42857142857142855,1.0,0.7142857142857143,1.0,1.0,0.42857142857142855,0.8571428571428571,0.14285714285714285,0,4,1.0,1.0,0.7142857142857143,1.0,0.7142857142857143,1.0,1.0,0.7142857142857143,0.8571428571428571,Ns/Nc,Si,4,3,3,3,2,2,0,4,1,3,2,3,4,0,3,4,4,2,data_MarchaCyT,Ns/Nc,"['Calor', 'Electricidad']",Magnetismo,"['Electricidad', 'NoLoSe']"
9,['50225'],1003,>40,Bio/Qui/Geo/Pale,Primaria,Ns/Nc,Ns/Nc,0.14285714285714285,Ns/Nc,0.5714285714285714,Ns/Nc,Ns/Nc,Ns/Nc,Ns/Nc,Ns/Nc,0,10,Ns/Nc,Ns/Nc,0.14285714285714285,Ns/Nc,0.5714285714285714,Ns/Nc,Ns/Nc,Ns/Nc,Ns/Nc,Ns/Nc,No,NS/NC,4,NS/NC,4,4,NS/NC,NS/NC,3,3,3,3,NS/NC,3,NS/NC,NS/NC,3,NS/NC,3,data_MarchaCyT,Magnetismo,"['Cuantica', 'NoLoSe']",Magnetismo,['Cuantica']
10,['16567'],1003,25-40,Sociales,Universidad,0.5714285714285714,1.0,0.7142857142857143,1.0,1.0,1.0,1.0,1.0,1.0,0.7142857142857143,0,10,0.5714285714285714,1.0,0.5714285714285714,1.0,1.0,0.14285714285714285,1.0,1.0,1.0,1.0,NoSe,4,4,1,Null,0,0,2,4,0,1,1,3,2,2,2,4,3,2,data_MarchaCyT,Calor,"['Magnetismo', 'Presion', 'NoLoSe']",Presion,"['Calor', 'Magnetismo']"
11,['62826'],1003,25-40,Sociales,Universidad,0.7142857142857143,1.0,0.8571428571428571,1.0,1.0,0.8571428571428571,1.0,0.5714285714285714,1.0,Ns/Nc,0,4,1.0,1.0,0.14285714285714285,1.0,1.0,1.0,1.0,1.0,1.0,1.0,NS/NC,3,4,3,1,1,0,NS/NC,0,0,NS/NC,NS/NC,NS/NC,NS/NC,NS/NC,NS/NC,NS/NC,NS/NC,NS/NC,data_MarchaCyT,Electricidad,['Calor'],Magnetismo,[]
12,['15930'],1003,25-40,Bio/Qui/Geo/Pale,Universidad,Ns/Nc,Ns/Nc,0.14285714285714285,Ns/Nc,Ns/Nc,Ns/Nc,Ns/Nc,Ns/Nc,Ns/Nc,Ns/Nc,0,10,1.0,1.0,Ns/Nc,1.0,1.0,1.0,1.0,0.14285714285714285,1.0,Ns/Nc,No,2,4,2,3,2,1,1,4,1,2,2,2,4,1,1,3,4,3,data_MarchaCyT,NoLoSe,['Magnetismo'],Electricidad,[]
13,['28311'],1003,>40,Null,Universidad,Ns/Nc,Ns/Nc,Ns/Nc,Ns/Nc,Ns/Nc,Ns/Nc,Ns/Nc,Ns/Nc,Ns/Nc,0.14285714285714285,0,4,Ns/Nc,Ns/Nc,Ns/Nc,Ns/Nc,Ns/Nc,Ns/Nc,Ns/Nc,Ns/Nc,Ns/Nc,Ns/Nc,NoSe,3,4,4,4,3,1,1,3,1,1,0,2,3,0,2,4,3,2,data_MarchaCyT,Ns/Nc,[],Ns/Nc,[]
14,['57670'],1003,25-40,Profesorado Otros,Universidad,1.0,1.0,0.14285714285714285,1.0,1.0,1.0,1.0,1.0,1.0,0.2857142857142857,0,8,1.0,1.0,Ns/Nc,1.0,1.0,1.0,1.0,1.0,1.0,0.5714285714285714,No,1,1,0,2,2,0,3,4,1,1,1,3,4,3,4,4,3,2,data_MarchaCyT,Magnetismo,[],Magnetismo,[]
15,['58364'],1003,25-40,Bio/Qui/Geo/Pale,Universidad,0.7142857142857143,1.0,0.14285714285714285,1.0,0.8571428571428571,0.8571428571428571,1.0,0.2857142857142857,1.0,0.7142857142857143,0,6,0.7142857142857143,1.0,Ns/Nc,1.0,0.8571428571428571,0.8571428571428571,1.0,0.2857142857142857,1.0,0.8571428571428571,NoSe,2,4,3,3,3,3,1,1,2,2,2,3,4,0,3,3,3,0,data_MarchaCyT,Magnetismo,['Electricidad'],Magnetismo,['Electricidad']
16,['16523'],1003,25-40,Profesorado Otros,Univ en curso,0.42857142857142855,0.8571428571428571,0.14285714285714285,0.7142857142857143,0.7142857142857143,0.42857142857142855,0.8571428571428571,0.2857142857142857,1.0,0.14285714285714285,0,8,0.2857142857142857,0.8571428571428571,0.2857142857142857,0.8571428571428571,0.42857142857142855,0.2857142857142857,0.7142857142857143,0.2857142857142857,1.0,0.14285714285714285,No,4,2,1,4,1,2,2,3,2,1,0,1,1,3,1,3,1,3,data_MarchaCyT,Magnetismo,['NoLoSe'],Ns/Nc,"['Magnetismo', 'Cosmica', 'Presion', 'Electricidad', 'NoLoSe']"
17,['46876'],1003,25-40,Arq/Diseno,Posgrado,Ns/Nc,Ns/Nc,0.14285714285714285,Ns/Nc,0.7142857142857143,Ns/Nc,Ns/Nc,1.0,Ns/Nc,Ns/Nc,0,7,Ns/Nc,Ns/Nc,0.14285714285714285,Ns/Nc,0.8571428571428571,Ns/Nc,Ns/Nc,Ns/Nc,Ns/Nc,Ns/Nc,No,4,4,3,3,4,0,NS/NC,4,2,4,1,4,4,3,4,4,4,2,data_MarchaCyT,Magnetismo,"['Cuantica', 'Electricidad']",Null,[]
18,['34970'],1003,>40,Bio/Qui/Geo/Pale,Universidad,Ns/Nc,Ns/Nc,0.14285714285714285,Ns/Nc,Ns/Nc,Ns/Nc,Ns/Nc,Ns/Nc,Ns/Nc,Ns/Nc,0,1,Ns/Nc,Ns/Nc,Ns/Nc,Ns/Nc,Ns/Nc,Ns/Nc,Ns/Nc,Ns/Nc,Ns/Nc,0.14285714285714285,No,3,3,3,3,3,3,2,3,2,3,3,1,3,2,3,3,3,3,data_MarchaCyT,Magnetismo,[],NoLoSe,[]
19,['44693'],1003,25-40,Otra,Universidad,Ns/Nc,Ns/Nc,Ns/Nc,Ns/Nc,Ns/Nc,Ns/Nc,Ns/Nc,Ns/Nc,Ns/Nc,Ns/Nc,1,10,Ns/Nc,Ns/Nc,Ns/Nc,Ns/Nc,Ns/Nc,0.14285714285714285,Ns/Nc,Ns/Nc,Ns/Nc,Ns/Nc,NoSe,4,4,4,4,4,NS/NC,NS/NC,3,NS/NC,NS/NC,NS/NC,NS/NC,NS/NC,NS/NC,NS/NC,NS/NC,NS/NC,NS/NC,data_MarchaCyT,Null,[],Presion,[]
20,['38656'],1003,>40,Mate/Comp/Sist,Universidad,0.14285714285714285,1.0,0.5714285714285714,0.42857142857142855,0.42857142857142855,1.0,1.0,1.0,1.0,1.0,0,5,0.14285714285714285,1.0,1.0,0.5714285714285714,0.42857142857142855,0.7142857142857143,1.0,1.0,1.0,1.0,No,4,2,4,2,1,2,2,4,2,1,4,0,4,2,3,2,2,0,data_MarchaCyT,Calor,[],Calor,['Presion']
21,['21649'],1003,25-40,Sociales,Universidad,0.14285714285714285,Ns/Nc,0.14285714285714285,Ns/Nc,Ns/Nc,Ns/Nc,Ns/Nc,Ns/Nc,Ns/Nc,Ns/Nc,1,10,0.5714285714285714,Ns/Nc,0.2857142857142857,Ns/Nc,Ns/Nc,Ns/Nc,Ns/Nc,0.14285714285714285,Ns/Nc,Ns/Nc,No,4,3,1,4,3,3,4,4,2,3,1,3,4,2,4,4,4,2,data_MarchaCyT,NoLoSe,"['Calor', 'Magnetismo']",NoLoSe,"['Calor', 'Magnetismo', 'Electricidad']"
22,['51979'],1003,18-24,Bio/Qui/Geo/Pale,Univ en curso,0.8571428571428571,Ns/Nc,0.5714285714285714,Ns/Nc,Ns/Nc,Ns/Nc,Ns/Nc,Ns/Nc,Ns/Nc,Ns/Nc,0,4,Ns/Nc,Ns/Nc,0.7142857142857143,Ns/Nc,Ns/Nc,Ns/Nc,Ns/Nc,Ns/Nc,Ns/Nc,Ns/Nc,No,4,4,4,4,4,1,0,4,0,2,1,1,4,0,3,4,2,3,data_MarchaCyT,Magnetismo,['Calor'],Magnetismo,[]
23,['27456'],1003,25-40,Bio/Qui/Geo/Pale,Universidad,1.0,1.0,0.14285714285714285,1.0,1.0,1.0,1.0,0.2857142857142857,1.0,1.0,0,2,1.0,1.0,0.14285714285714285,1.0,1.0,1.0,1.0,0.2857142857142857,1.0,1.0,NoSe,1,3,3,4,2,2,1,4,1,2,2,2,3,1,2,3,2,2,data_MarchaCyT,Null,[],Null,[]
24,['22501'],1003,25-40,Bio/Qui/Geo/Pale,Universidad,1.0,1.0,Ns/Nc,1.0,1.0,0.14285714285714285,1.0,1.0,1.0,0.5714285714285714,0,1,1.0,1.0,1.0,1.0,1.0,Ns/Nc,1.0,1.0,1.0,0.5714285714285714,Si,2,3,3,3,3,1,2,4,3,3,3,3,3,2,3,3,4,2,data_MarchaCyT,Presion,['NoLoSe'],Presion,['NoLoSe']
25,['47868'],1003,25-40,Bio/Qui/Geo/Pale,Universidad,0.5714285714285714,1.0,0.2857142857142857,1.0,1.0,1.0,1.0,0.7142857142857143,1.0,0.14285714285714285,0,3,1.0,1.0,0.5714285714285714,0.8571428571428571,1.0,0.7142857142857143,1.0,0.7142857142857143,1.0,0.14285714285714285,NoSe,1,3,3,NS/NC,NS/NC,NS/NC,NS/NC,NS/NC,NS/NC,NS/NC,NS/NC,NS/NC,NS/NC,NS/NC,NS/NC,NS/NC,NS/NC,NS/NC,data_MarchaCyT,Magnetismo,['Electricidad'],NoLoSe,"['Magnetismo', 'Electricidad']"
26,['46252'],1003,18-24,Bio/Qui/Geo/Pale,Univ en curso,1.0,1.0,1.0,1.0,1.0,1.0,1.0,0.14285714285714285,1.0,1.0,0,8,0.5714285714285714,1.0,1.0,1.0,1.0,1.0,1.0,0.5714285714285714,1.0,Ns/Nc,NoSe,1,2,2,3,3,2,0,3,0,3,1,3,2,0,4,NS/NC,2,2,data_MarchaCyT,Electricidad,[],Ns/Nc,['Electricidad']
27,['58999'],1003,18-24,Bio/Qui/Geo/Pale,Univ en curso,0.5714285714285714,1.0,0.14285714285714285,1.0,0.14285714285714285,0.14285714285714285,1.0,0.14285714285714285,1.0,1.0,0,10,0.14285714285714285,1.0,0.14285714285714285,1.0,0.14285714285714285,0.14285714285714285,1.0,0.14285714285714285,1.0,1.0,No,3,3,2,3,3,Null,1,3,1,1,2,3,3,1,3,3,2,2,data_MarchaCyT,Magnetismo,['Electricidad'],Magnetismo,"['Calor', 'Cuantica', 'Presion', 'Electricidad']"
28,['38923'],1003,25-40,Fisica/CsAt/Ocea,Posgrado,0.14285714285714285,1.0,0.7142857142857143,1.0,1.0,0.42857142857142855,1.0,0.7142857142857143,1.0,Ns/Nc,0,7,0.7142857142857143,1.0,1.0,1.0,1.0,0.14285714285714285,1.0,1.0,1.0,Ns/Nc,No,3,3,3,3,3,2,0,3,1,3,3,3,3,0,3,3,2,2,data_MarchaCyT,Calor,['Presion'],Presion,[]
29,['62905'],1003,>40,NS/NC,NS/NC,0.2857142857142857,1.0,0.2857142857142857,1.0,1.0,0.14285714285714285,1.0,0.7142857142857143,1.0,Ns/Nc,0,0,0.42857142857142855,1.0,0.2857142857142857,1.0,1.0,0.42857142857142855,1.0,0.5714285714285714,1.0,Ns/Nc,NS/NC,3,4,1,4,3,1,0,4,1,3,1,3,2,0,NS/NC,4,3,1,data_MarchaCyT,Presion,[],Magnetismo,[]
30,['46322'],1003,>40,Mate/Comp/Sist,Posgrado,0.2857142857142857,0.42857142857142855,0.42857142857142855,0.8571428571428571,0.8571428571428571,1.0,1.0,Ns/Nc,1.0,1.0,0,6,1.0,1.0,1.0,1.0,1.0,0.14285714285714285,1.0,1.0,1.0,1.0,Si,1,4,4,4,2,0,3,4,3,1,4,1,1,4,1,3,1,0,data_MarchaCyT,Ns/Nc,"['Calor', 'NoLoSe']",Presion,['NoLoSe']
31,['28815'],1003,25-40,Bio/Qui/Geo/Pale,Universidad,0.5714285714285714,1.0,0.14285714285714285,1.0,0.7142857142857143,0.7142857142857143,1.0,0.14285714285714285,1.0,Ns/Nc,0,10,0.5714285714285714,1.0,Ns/Nc,1.0,0.5714285714285714,0.2857142857142857,1.0,0.14285714285714285,1.0,Ns/Nc,NoSe,4,4,4,4,3,2,0,4,0,3,3,3,3,0,4,3,3,2,data_MarchaCyT,Electricidad,['Magnetismo'],Magnetismo,['Electricidad']
32,['35098'],1003,25-40,Mate/Comp/Sist,Universidad,Ns/Nc,Ns/Nc,Ns/Nc,Ns/Nc,1.0,Ns/Nc,Ns/Nc,0.42857142857142855,Ns/Nc,0.14285714285714285,0,8,1.0,0.8571428571428571,0.2857142857142857,1.0,1.0,0.8571428571428571,0.5714285714285714,0.2857142857142857,0.8571428571428571,0.14285714285714285,NS/NC,3,2,NS/NC,NS/NC,NS/NC,NS/NC,NS/NC,NS/NC,NS/NC,NS/NC,NS/NC,NS/NC,NS/NC,NS/NC,NS/NC,NS/NC,NS/NC,NS/NC,data_MarchaCyT,Null,[],NoLoSe,"['Calor', 'Telequinesis', 'Magnetismo', 'Cosmica', 'Cuantica', 'Presion', 'Aura', 'Electricidad', 'Poderes']"
33,['22123'],1003,25-40,Mate/Comp/Sist,Univ en curso,0.2857142857142857,1.0,1.0,1.0,0.8571428571428571,1.0,1.0,0.5714285714285714,1.0,0.5714285714285714,0,7,0.5714285714285714,1.0,1.0,1.0,1.0,0.7142857142857143,1.0,Ns/Nc,1.0,0.42857142857142855,NoSe,3,3,3,3,2,1,0,3,0,3,3,3,3,0,4,3,3,3,data_MarchaCyT,Calor,[],Electricidad,['Calor']
34,['39488'],1003,18-24,Economicas,Univ en curso,Ns/Nc,Ns/Nc,0.8571428571428571,Ns/Nc,Ns/Nc,Ns/Nc,Ns/Nc,Ns/Nc,Ns/Nc,Ns/Nc,0,10,Ns/Nc,Ns/Nc,Ns/Nc,Ns/Nc,Ns/Nc,Ns/Nc,Ns/Nc,Ns/Nc,Ns/Nc,Ns/Nc,No,3,2,2,3,2,3,1,1,1,NS/NC,NS/NC,3,2,1,4,NS/NC,NS/NC,NS/NC,data_MarchaCyT,Magnetismo,['Electricidad'],Aura,['Cosmica']
35,['26251'],1003,25-40,Derecho,Universidad,Ns/Nc,Ns/Nc,Ns/Nc,Ns/Nc,Ns/Nc,Ns/Nc,Ns/Nc,Ns/Nc,Ns/Nc,Ns/Nc,0,10,Ns/Nc,Ns/Nc,Ns/Nc,Ns/Nc,Ns/Nc,Ns/Nc,Ns/Nc,Ns/Nc,Ns/Nc,Ns/Nc,NS/NC,3,3,2,3,2,1,1,3,1,2,1,3,2,1,3,3,3,2,data_MarchaCyT,Magnetismo,[],Presion,[]
36,['41821'],1003,>40,Sociales,Posgrado,Ns/Nc,Ns/Nc,Ns/Nc,Ns/Nc,Ns/Nc,Ns/Nc,Ns/Nc,Ns/Nc,Ns/Nc,Ns/Nc,0,1,Ns/Nc,Ns/Nc,Ns/Nc,Ns/Nc,Ns/Nc,Ns/Nc,Ns/Nc,Ns/Nc,Ns/Nc,Ns/Nc,No,4,3,3,2,1,1,NS/NC,4,1,1,3,3,3,1,3,3,2,2,data_MarchaCyT,Magnetismo,['Electricidad'],Magnetismo,['Electricidad']
37,['58479'],1003,25-40,Profesorado Otros,Null,0.8571428571428571,0.7142857142857143,0.2857142857142857,1.0,1.0,1.0,1.0,1.0,1.0,1.0,0,5,Ns/Nc,Ns/Nc,Ns/Nc,Ns/Nc,Ns/Nc,Ns/Nc,Ns/Nc,Ns/Nc,Ns/Nc,Ns/Nc,No,3,3,1,4,3,2,1,4,3,3,3,3,3,2,4,4,4,2,data_MarchaCyT,Ns/Nc,['Magnetismo'],Magnetismo,['NoLoSe']
38,['46016'],1003,25-40,Sociales,Universidad,Ns/Nc,Ns/Nc,0.14285714285714285,Ns/Nc,Ns/Nc,Ns/Nc,Ns/Nc,Ns/Nc,Ns/Nc,Ns/Nc,1,10,Ns/Nc,Ns/Nc,0.14285714285714285,0.14285714285714285,Ns/Nc,Ns/Nc,0.14285714285714285,Ns/Nc,Ns/Nc,Ns/Nc,No,4,3,0,3,3,2,2,4,1,2,2,NS/NC,NS/NC,NS/NC,NS/NC,NS/NC,NS/NC,NS/NC,data_MarchaCyT,Ns/Nc,[],Ns/Nc,[]
39,['29058'],1003,>40,Fisica/CsAt/Ocea,Posgrado,0.7142857142857143,0.7142857142857143,0.7142857142857143,0.7142857142857143,0.7142857142857143,0.7142857142857143,0.7142857142857143,0.5714285714285714,0.7142857142857143,0.14285714285714285,0,6,Ns/Nc,Ns/Nc,Ns/Nc,Ns/Nc,Ns/Nc,0.14285714285714285,Ns/Nc,Ns/Nc,Ns/Nc,0.14285714285714285,NS/NC,3,3,3,3,2,2,0,3,1,2,3,2,1,1,4,1,0,NS/NC,data_MarchaCyT,NoLoSe,['Electricidad'],NoLoSe,[]
40,['63379'],1003,25-40,Bio/Qui/Geo/Pale,Posgrado,0.42857142857142855,1.0,0.2857142857142857,0.8571428571428571,0.8571428571428571,0.7142857142857143,1.0,0.5714285714285714,1.0,0.7142857142857143,0,6,0.8571428571428571,1.0,0.7142857142857143,Ns/Nc,0.8571428571428571,0.7142857142857143,1.0,0.5714285714285714,1.0,0.14285714285714285,NoSe,4,4,2,3,2,1,1,3,1,2,1,2,2,1,3,3,0,2,data_MarchaCyT,Magnetismo,['Calor'],NoLoSe,[]
41,['41240'],1003,25-40,Sociales,Universidad,0.2857142857142857,0.8571428571428571,0.14285714285714285,0.8571428571428571,0.5714285714285714,0.2857142857142857,0.8571428571428571,0.2857142857142857,1.0,Ns/Nc,0,8,0.2857142857142857,0.8571428571428571,0.14285714285714285,0.8571428571428571,0.5714285714285714,0.2857142857142857,0.8571428571428571,0.2857142857142857,1.0,Ns/Nc,Si,3,3,2,3,2,1,1,4,1,3,2,3,3,2,3,3,3,2,data_MarchaCyT,Magnetismo,"['Calor', 'Presion', 'Electricidad']",Magnetismo,"['Calor', 'Presion', 'Electricidad']"
42,['33616'],1003,25-40,Bio/Qui/Geo/Pale,NS/NC,0.42857142857142855,1.0,0.5714285714285714,1.0,0.7142857142857143,0.42857142857142855,1.0,0.5714285714285714,1.0,Ns/Nc,0,10,0.5714285714285714,1.0,0.5714285714285714,1.0,1.0,0.5714285714285714,1.0,0.7142857142857143,1.0,1.0,Si,2,2,3,3,4,1,1,3,1,4,4,3,3,1,2,4,4,4,data_MarchaCyT,NoLoSe,['Poderes'],NoLoSe,[]
43,['27708'],1003,25-40,Bio/Qui/Geo/Pale,Univ en curso,0.5714285714285714,1.0,0.14285714285714285,1.0,0.42857142857142855,0.5714285714285714,1.0,0.42857142857142855,1.0,0.5714285714285714,0,6,0.2857142857142857,0.2857142857142857,0.2857142857142857,0.2857142857142857,0.2857142857142857,0.2857142857142857,0.2857142857142857,0.2857142857142857,0.2857142857142857,0.2857142857142857,Si,3,4,1,4,Null,1,Null,4,1,4,1,2,2,2,4,3,2,2,data_MarchaCyT,Magnetismo,"['Calor', 'Electricidad', 'NoLoSe']",Magnetismo,"['Calor', 'Telequinesis', 'Cosmica', 'Cuantica', 'Presion', 'Aura', 'Electricidad', 'Poderes']"
44,['21781'],1003,25-40,Bio/Qui/Geo/Pale,Posgrado,0.5714285714285714,Ns/Nc,Ns/Nc,Ns/Nc,Ns/Nc,Ns/Nc,Ns/Nc,Ns/Nc,Ns/Nc,Ns/Nc,0,10,0.5714285714285714,Ns/Nc,Ns/Nc,Ns/Nc,Ns/Nc,Ns/Nc,Ns/Nc,Ns/Nc,Ns/Nc,Ns/Nc,Si,3,3,4,4,4,1,0,4,0,3,2,1,4,0,4,3,3,3,data_MarchaCyT,Calor,['NoLoSe'],Calor,['NoLoSe']
45,['56157'],1003,25-40,Bio/Qui/Geo/Pale,Posgrado,Ns/Nc,Ns/Nc,0.42857142857142855,Ns/Nc,Ns/Nc,Ns/Nc,Ns/Nc,0.5714285714285714,Ns/Nc,Ns/Nc,0,1,Ns/Nc,Ns/Nc,Ns/Nc,Ns/Nc,Ns/Nc,Ns/Nc,Ns/Nc,Ns/Nc,Ns/Nc,0.14285714285714285,Si,2,4,2,4,3,1,2,4,2,3,2,3,4,3,4,4,4,3,data_MarchaCyT,Magnetismo,['Electricidad'],NoLoSe,[]
46,['18515'],1003,25-40,Bio/Qui/Geo/Pale,Universidad,0.5714285714285714,1.0,0.42857142857142855,1.0,0.5714285714285714,1.0,1.0,0.42857142857142855,1.0,0.14285714285714285,0,1,1.0,1.0,1.0,1.0,1.0,1.0,1.0,1.0,1.0,0.14285714285714285,NoSe,3,3,2,3,3,1,1,4,1,2,1,2,4,1,4,4,3,2,data_MarchaCyT,NoLoSe,"['Calor', 'Magnetismo', 'Cuantica', 'Electricidad']",NoLoSe,[]
0,['37441'],1003,18-24,Null,Univ en curso,1.0,1.0,0.14285714285714285,1.0,1.0,1.0,1.0,1.0,1.0,1.0,0,5,1.0,1.0,0.14285714285714285,1.0,1.0,1.0,1.0,1.0,0.14285714285714285,1.0,Si,3,2,2,4,2,0,0,3,1,1,2,3,4,0,4,2,3,3,data_Micro,Ns/Nc,['Magnetismo'],Ns/Nc,['Magnetismo']
1,['55027'],1003,NS/NC,Fisica/CsAt/Ocea,Univ en curso,0.42857142857142855,1.0,0.2857142857142857,0.8571428571428571,0.8571428571428571,0.5714285714285714,1.0,0.42857142857142855,1.0,0.14285714285714285,0,8,Ns/Nc,Ns/Nc,Ns/Nc,Ns/Nc,Ns/Nc,Ns/Nc,Ns/Nc,Ns/Nc,Ns/Nc,Ns/Nc,NoSe,2,3,3,4,3,1,0,3,1,4,3,3,3,1,4,3,2,3,data_Micro,Magnetismo,['Electricidad'],NoLoSe,[]
2,['23839'],1003,25-40,Gastronomia,Universidad,0.42857142857142855,1.0,1.0,1.0,1.0,0.5714285714285714,1.0,0.5714285714285714,1.0,1.0,0,5,1.0,1.0,1.0,1.0,1.0,0.14285714285714285,1.0,1.0,1.0,1.0,Si,4,3,3,3,3,2,1,1,1,3,0,3,1,2,4,2,3,3,data_Micro,Ns/Nc,['Presion'],Presion,['Calor']
3,['55177'],1003,25-40,Fisica/CsAt/Ocea,Universidad,1.0,1.0,1.0,1.0,1.0,0.14285714285714285,1.0,1.0,1.0,Ns/Nc,0,1,1.0,1.0,1.0,1.0,1.0,0.14285714285714285,1.0,1.0,1.0,1.0,Si,3,3,2,3,0,0,0,3,0,1,3,3,2,0,4,3,2,1,data_Micro,Presion,[],Presion,[]
4,['50273'],1003,25-40,Fisica/CsAt/Ocea,Universidad,Ns/Nc,Ns/Nc,Ns/Nc,Ns/Nc,Ns/Nc,Ns/Nc,Ns/Nc,Ns/Nc,Ns/Nc,Ns/Nc,0,0,Ns/Nc,Ns/Nc,Ns/Nc,Ns/Nc,Ns/Nc,Ns/Nc,Ns/Nc,Ns/Nc,Ns/Nc,Ns/Nc,NS/NC,NS/NC,NS/NC,NS/NC,NS/NC,NS/NC,NS/NC,NS/NC,NS/NC,NS/NC,NS/NC,NS/NC,NS/NC,NS/NC,NS/NC,NS/NC,NS/NC,NS/NC,NS/NC,data_Micro,Ns/Nc,[],Ns/Nc,[]
5,['61026'],1003,18-24,Fisica/CsAt/Ocea,Univ en curso,0.2857142857142857,Ns/Nc,Ns/Nc,Ns/Nc,Ns/Nc,0.2857142857142857,Ns/Nc,Ns/Nc,Ns/Nc,Ns/Nc,0,10,0.42857142857142855,Ns/Nc,Ns/Nc,Ns/Nc,Ns/Nc,0.42857142857142855,Ns/Nc,Ns/Nc,Ns/Nc,Ns/Nc,Si,4,3,3,4,3,2,1,4,1,3,3,3,3,1,3,3,2,3,data_Micro,NoLoSe,"['Calor', 'Presion']",NoLoSe,"['Calor', 'Presion']"
6,['43284'],1003,18-24,Fisica/CsAt/Ocea,Univ en curso,0.42857142857142855,1.0,0.14285714285714285,1.0,1.0,0.7142857142857143,0.8571428571428571,0.7142857142857143,1.0,1.0,0,8,1.0,1.0,1.0,1.0,1.0,0.14285714285714285,1.0,1.0,1.0,1.0,No,3,3,3,4,4,2,1,3,0,4,2,2,3,2,4,2,4,4,data_Micro,Magnetismo,['Calor'],Ns/Nc,[]
7,['58814'],1003,18-24,Fisica/CsAt/Ocea,Univ en curso,1.0,1.0,1.0,1.0,1.0,0.14285714285714285,1.0,1.0,1.0,0.14285714285714285,0,1,1.0,1.0,1.0,1.0,1.0,0.14285714285714285,1.0,1.0,1.0,0.5714285714285714,No,3,3,2,4,4,0,2,3,0,4,4,0,4,1,3,4,4,4,data_Micro,Presion,['NoLoSe'],Presion,['NoLoSe']
8,['56222'],1003,18-24,Null,Univ en curso,0.7142857142857143,Ns/Nc,Ns/Nc,Ns/Nc,Ns/Nc,0.2857142857142857,Ns/Nc,Ns/Nc,Ns/Nc,Ns/Nc,0,2,Ns/Nc,Ns/Nc,Ns/Nc,Ns/Nc,Ns/Nc,0.2857142857142857,Ns/Nc,Ns/Nc,Ns/Nc,Ns/Nc,Si,3,4,3,2,2,NS/NC,NS/NC,3,1,3,2,2,4,1,3,3,3,3,data_Micro,Presion,['Calor'],Presion,[]
9,['27775'],1003,25-40,Fisica/CsAt/Ocea,Null,0.42857142857142855,1.0,0.5714285714285714,1.0,1.0,0.7142857142857143,1.0,0.5714285714285714,1.0,0.14285714285714285,0,7,1.0,0.5714285714285714,0.5714285714285714,1.0,0.7142857142857143,1.0,1.0,0.5714285714285714,1.0,0.14285714285714285,Si,0,3,3,3,4,1,0,4,0,4,4,2,3,0,0,0,3,4,data_Micro,Calor,"['Magnetismo', 'Presion', 'Electricidad', 'NoLoSe']",Telequinesis,"['Magnetismo', 'Cuantica', 'Electricidad', 'NoLoSe']"
10,['32133'],1003,18-24,Fisica/CsAt/Ocea,Univ en curso,0.14285714285714285,1.0,0.5714285714285714,1.0,1.0,1.0,1.0,0.14285714285714285,1.0,0.14285714285714285,0,8,0.2857142857142857,1.0,0.42857142857142855,1.0,Ns/Nc,1.0,Ns/Nc,0.42857142857142855,1.0,0.14285714285714285,NoSe,3,4,3,4,2,0,0,4,0,3,3,1,1,0,2,3,0,3,data_Micro,Electricidad,['Calor'],NoLoSe,['Calor']
11,['53040'],1003,25-40,Fisica/CsAt/Ocea,Universidad,0.8571428571428571,1.0,1.0,1.0,1.0,0.42857142857142855,1.0,1.0,1.0,Ns/Nc,1,1,1.0,1.0,1.0,1.0,1.0,0.14285714285714285,1.0,1.0,1.0,1.0,Si,3,3,3,4,3,2,1,4,1,3,3,3,3,1,4,3,2,3,data_Micro,Presion,['NoLoSe'],Presion,[]
12,['65444'],1003,25-40,Fisica/CsAt/Ocea,Null,0.14285714285714285,1.0,0.7142857142857143,1.0,1.0,0.42857142857142855,1.0,0.7142857142857143,1.0,0.14285714285714285,0,10,0.8571428571428571,1.0,1.0,1.0,1.0,0.14285714285714285,1.0,1.0,1.0,1.0,Si,1,2,2,3,4,2,1,3,0,4,4,2,2,0,3,3,3,3,data_Micro,Calor,['Presion'],Presion,['Calor']
13,['28864'],1003,25-40,Fisica/CsAt/Ocea,Univ en curso,Ns/Nc,Ns/Nc,Ns/Nc,Ns/Nc,Ns/Nc,Ns/Nc,Ns/Nc,Ns/Nc,Ns/Nc,Ns/Nc,0,0,Ns/Nc,Ns/Nc,Ns/Nc,Ns/Nc,Ns/Nc,Ns/Nc,Ns/Nc,Ns/Nc,Ns/Nc,Ns/Nc,NS/NC,NS/NC,NS/NC,NS/NC,NS/NC,NS/NC,NS/NC,NS/NC,NS/NC,NS/NC,NS/NC,NS/NC,NS/NC,NS/NC,NS/NC,NS/NC,NS/NC,NS/NC,NS/NC,data_Micro,Ns/Nc,[],Ns/Nc,[]
14,['46671'],1003,18-24,Fisica/CsAt/Ocea,Univ en curso,0.2857142857142857,1.0,0.5714285714285714,1.0,0.8571428571428571,0.7142857142857143,1.0,0.5714285714285714,1.0,0.5714285714285714,0,1,1.0,1.0,1.0,1.0,1.0,0.14285714285714285,1.0,1.0,1.0,Ns/Nc,Si,3,3,2,3,2,0,0,3,0,2,2,1,3,0,1,4,3,1,data_Micro,Calor,['Magnetismo'],Presion,['NoLoSe']
15,['48693'],1003,18-24,Fisica/CsAt/Ocea,Null,0.42857142857142855,1.0,0.2857142857142857,1.0,0.7142857142857143,0.2857142857142857,1.0,0.42857142857142855,1.0,0.14285714285714285,0,5,1.0,1.0,1.0,1.0,1.0,0.14285714285714285,1.0,1.0,1.0,1.0,Si,3,3,4,3,2,1,1,4,2,3,3,3,3,Null,3,3,2,4,data_Micro,Presion,"['Magnetismo', 'Electricidad']",Presion,[]
16,['63372'],1003,18-24,Fisica/CsAt/Ocea,Univ en curso,0.5714285714285714,1.0,0.14285714285714285,0.8571428571428571,0.42857142857142855,0.8571428571428571,1.0,0.5714285714285714,1.0,0.14285714285714285,1,6,0.8571428571428571,1.0,Ns/Nc,1.0,1.0,0.14285714285714285,1.0,1.0,1.0,0.42857142857142855,Si,2,3,3,4,3,1,2,3,2,2,3,3,3,2,4,4,3,2,data_Micro,Magnetismo,[],Presion,[]
17,['24798'],1003,18-24,Fisica/CsAt/Ocea,Univ en curso,0.5714285714285714,1.0,0.5714285714285714,1.0,1.0,1.0,1.0,1.0,1.0,0.14285714285714285,0,6,1.0,1.0,1.0,1.0,1.0,0.14285714285714285,1.0,1.0,1.0,1.0,Si,3,4,4,4,3,0,0,4,0,2,3,3,3,0,3,4,3,3,data_Micro,Magnetismo,['Calor'],Presion,[]
18,['37890'],1003,25-40,Fisica/CsAt/Ocea,Univ en curso,0.7142857142857143,1.0,1.0,1.0,1.0,0.14285714285714285,1.0,1.0,1.0,1.0,0,1,1.0,1.0,1.0,1.0,1.0,0.14285714285714285,1.0,1.0,1.0,1.0,NS/NC,4,1,4,Null,2,0,1,4,1,1,3,1,4,0,1,4,4,1,data_Micro,Presion,['Calor'],Presion,[]
19,['24107'],1003,18-24,Fisica/CsAt/Ocea,Secundaria,0.14285714285714285,1.0,0.5714285714285714,1.0,0.8571428571428571,0.42857142857142855,1.0,1.0,1.0,1.0,0,10,1.0,1.0,1.0,1.0,1.0,0.14285714285714285,1.0,1.0,1.0,1.0,No,4,NS/NC,3,4,NS/NC,0,NS/NC,NS/NC,3,3,3,3,4,3,3,3,3,4,data_Micro,Calor,['Presion'],Presion,[]
20,['25313'],1003,18-24,Fisica/CsAt/Ocea,Univ en curso,0.5714285714285714,1.0,Ns/Nc,1.0,1.0,0.8571428571428571,1.0,0.8571428571428571,1.0,0.14285714285714285,0,1,0.42857142857142855,1.0,1.0,1.0,1.0,0.42857142857142855,1.0,0.8571428571428571,1.0,0.14285714285714285,Si,4,3,3,3,3,1,0,4,0,3,3,4,3,0,2,4,3,4,data_Micro,Ns/Nc,"['Presion', 'NoLoSe']",Ns/Nc,"['Calor', 'NoLoSe']"
21,['19015'],1003,25-40,Fisica/CsAt/Ocea,Univ en curso,0.2857142857142857,1.0,0.2857142857142857,1.0,0.8571428571428571,1.0,0.8571428571428571,0.2857142857142857,1.0,Ns/Nc,0,8,1.0,1.0,1.0,1.0,1.0,1.0,1.0,1.0,1.0,0.14285714285714285,Si,4,3,3,3,4,1,1,3,1,4,3,0,2,1,0,4,0,4,data_Micro,Calor,"['Magnetismo', 'Electricidad']",NoLoSe,[]
22,['64645'],1003,18-24,Fisica/CsAt/Ocea,Univ en curso,0.2857142857142857,1.0,0.42857142857142855,1.0,1.0,0.8571428571428571,1.0,0.5714285714285714,1.0,Ns/Nc,0,1,0.7142857142857143,1.0,1.0,1.0,1.0,0.14285714285714285,1.0,1.0,1.0,Ns/Nc,NoSe,2,1,3,3,3,1,1,2,0,2,3,2,3,0,3,3,3,2,data_Micro,Calor,['Magnetismo'],Presion,[]
23,['35122'],1003,18-24,Fisica/CsAt/Ocea,Univ en curso,0.14285714285714285,1.0,0.42857142857142855,1.0,1.0,0.8571428571428571,1.0,0.14285714285714285,1.0,Ns/Nc,1,10,1.0,1.0,0.14285714285714285,1.0,1.0,0.14285714285714285,1.0,0.42857142857142855,1.0,Ns/Nc,Si,1,2,3,4,3,0,0,2,0,4,2,2,3,0,3,0,2,2,data_Micro,Electricidad,"['Calor', 'Magnetismo', 'Presion']",Magnetismo,"['Presion', 'Electricidad']"
24,['20445'],1003,18-24,Fisica/CsAt/Ocea,Univ en curso,0.2857142857142857,1.0,0.2857142857142857,1.0,0.5714285714285714,0.5714285714285714,1.0,0.2857142857142857,1.0,Ns/Nc,1,2,0.8571428571428571,1.0,0.14285714285714285,1.0,0.8571428571428571,0.7142857142857143,1.0,0.14285714285714285,1.0,Ns/Nc,No,2,4,3,4,3,0,0,4,0,3,2,1,3,0,2,0,2,3,data_Micro,Ns/Nc,"['Calor', 'Electricidad']",Ns/Nc,['Electricidad']
25,['39310'],1003,18-24,Fisica/CsAt/Ocea,Univ en curso,0.5714285714285714,1.0,0.42857142857142855,0.8571428571428571,0.8571428571428571,0.8571428571428571,1.0,0.8571428571428571,1.0,0.14285714285714285,1,3,0.5714285714285714,1.0,0.42857142857142855,1.0,1.0,0.8571428571428571,0.8571428571428571,0.8571428571428571,1.0,0.14285714285714285,Si,4,3,3,3,4,0,0,4,1,4,3,2,4,0,4,3,3,4,data_Micro,NoLoSe,['Calor'],NoLoSe,"['Calor', 'Magnetismo', 'Presion', 'Aura', 'Electricidad']"
26,['20631'],1003,25-40,Fisica/CsAt/Ocea,Universidad,Ns/Nc,1.0,0.42857142857142855,1.0,1.0,0.8571428571428571,1.0,0.2857142857142857,1.0,Ns/Nc,0,1,0.7142857142857143,1.0,0.42857142857142855,1.0,1.0,0.8571428571428571,1.0,0.5714285714285714,1.0,Ns/Nc,No,2,4,4,4,4,1,0,4,0,3,3,3,2,0,4,3,3,3,data_Micro,Electricidad,"['Calor', 'Magnetismo']",Ns/Nc,[]
27,['39148'],1003,18-24,Fisica/CsAt/Ocea,Univ en curso,0.5714285714285714,1.0,0.2857142857142857,1.0,1.0,0.7142857142857143,1.0,0.5714285714285714,1.0,0.14285714285714285,0,5,1.0,1.0,1.0,1.0,1.0,1.0,1.0,1.0,1.0,Ns/Nc,Si,1,1,3,4,2,1,0,3,0,2,2,3,2,0,3,4,3,0,data_Micro,Ns/Nc,['Magnetismo'],Ns/Nc,[]
28,['27690'],1003,25-40,Null,Univ en curso,1.0,1.0,1.0,1.0,1.0,1.0,1.0,1.0,1.0,1.0,1,1,1.0,1.0,1.0,1.0,1.0,1.0,1.0,1.0,1.0,1.0,Si,2,1,3,4,1,0,0,4,2,2,1,1,3,2,2,3,3,2,data_Micro,Ns/Nc,[],Ns/Nc,[]
29,['45394'],1003,18-24,Fisica/CsAt/Ocea,Univ en curso,0.5714285714285714,1.0,0.14285714285714285,1.0,1.0,1.0,1.0,0.5714285714285714,1.0,0.5714285714285714,0,10,Ns/Nc,Ns/Nc,Ns/Nc,Ns/Nc,Ns/Nc,Ns/Nc,Ns/Nc,Ns/Nc,Ns/Nc,Ns/Nc,Si,2,2,3,3,3,0,0,4,1,3,3,1,2,1,3,2,2,3,data_Micro,Magnetismo,"['Calor', 'Electricidad']",Ns/Nc,[]
30,['40486'],1003,18-24,Fisica/CsAt/Ocea,Univ en curso,0.5714285714285714,1.0,0.7142857142857143,1.0,1.0,0.8571428571428571,1.0,0.14285714285714285,1.0,1.0,0,6,1.0,1.0,0.7142857142857143,1.0,1.0,0.2857142857142857,1.0,0.42857142857142855,1.0,1.0,Si,1,3,4,4,4,1,0,3,0,4,3,3,4,0,4,4,4,4,data_Micro,Ns/Nc,['Calor'],Ns/Nc,[]
31,['27846'],1003,25-40,Fisica/CsAt/Ocea,Univ en curso,0.8571428571428571,1.0,0.14285714285714285,1.0,0.5714285714285714,0.5714285714285714,1.0,1.0,1.0,0.5714285714285714,0,1,0.5714285714285714,Ns/Nc,0.5714285714285714,0.5714285714285714,0.5714285714285714,Ns/Nc,1.0,1.0,1.0,1.0,NoSe,3,3,1,2,3,1,2,3,2,3,1,3,3,1,3,3,3,3,data_Micro,Magnetismo,['NoLoSe'],Null,['NoLoSe']
32,['30029'],1003,18-24,Fisica/CsAt/Ocea,Univ en curso,0.8571428571428571,1.0,0.14285714285714285,1.0,1.0,0.8571428571428571,1.0,0.2857142857142857,1.0,0.14285714285714285,1,10,1.0,1.0,1.0,1.0,1.0,0.14285714285714285,1.0,1.0,1.0,0.14285714285714285,NoSe,3,3,3,3,2,0,0,4,2,3,2,1,3,0,4,4,2,3,data_Micro,Magnetismo,['Electricidad'],Presion,['Magnetismo']
